chrIV	1	30	ACACCACACCCACACCACACCCACACACAC	45.690	95.211	530.403	0	1.000	15	+
chrIV	31	60	CACACCCACACACCACACCCACACCCACAC	46.060	94.151	529.068	0	1.000	14	+
chrIV	61	90	ACCCACACCCACACACCACACACCACACCA	46.740	95.310	165.448	0	1.000	11	+
chrIV	100	129	CACACCCACACCACACCCACACCCACACAC	46.060	94.151	516.050	0	1.000	9	+
chrIV	130	159	CACACCCACACCCACACACCACACACTACC	44.030	95.865	413.086	0	0.861	11	+
chrIV	179	214	AACCCTGATTTTACCTGTCTCCAAACCTACCCTCAC	42.200	100.000	0.000	0	0.391	2	+
chrIV	215	244	ATTACCCTACCTCCCCACTCGTTACCCTGC	42.300	96.728	0.000	0	0.570	0	+
chrIV	245	274	CCCACTCAACCATCCACTCCCAACCACCAT	43.480	100.000	0.000	0	0.685	0	+
chrIV	275	309	CCATCTCTCTACTTACCACTAACCACCGTCCACCA	42.810	100.000	0.000	0	0.469	0	+
chrIV	311	346	AACCGTTACCCTCCAATTACCCATATCCAACTCCAC	42.300	100.000	96.049	0	0.448	3	+
chrIV	348	384	ACCACTTACCCTACTATTACCCTACCATCCACCATGT	42.100	100.000	94.937	0	0.423	2	+
chrIV	456	491	ACTTACCCTACCACTCTATACCACCACTACCACCAC	42.310	100.000	0.000	0	0.580	0	+
chrIV	492	521	CGCCACTTGCCACACTCACCTTCACTTCTA	42.010	100.000	0.000	0	0.449	0	+
chrIV	566	602	AAACTTACCCTACTTTCATATTCCACACCATGGCCCC	42.590	100.000	34.768	0	0.277	2	+
chrIV	619	655	TACCAAATGCACTCACATCATTATTCACGGCACTTGC	42.380	100.000	97.547	0	0.181	2	+
chrIV	656	686	CTCAGCGGTCTATACCCTGTGCCATTTACGC	42.070	100.000	190.321	0	0.372	4	+
chrIV	703	739	TCCACATTTTATTACCTATATCTCATTCGGCGGCCCC	42.300	98.945	0.000	0	0.250	3	+
chrIV	1091	1120	TTTTACTGTAAGGGCTGCCATCCGCGCTCT	43.480	100.000	0.000	0	0.267	0	+
chrIV	1151	1187	ATCTCAAAACAAGCGGGAGAAGTGCTAATTACCCAGA	42.250	99.636	0.000	0	0.213	0	+
chrIV	1188	1220	GGTCATGCATGATCTGAGTACCACCGTACCTCT	42.080	99.209	0.000	0	0.292	0	+
chrIV	1221	1257	AGGTTTTGCTTTGATCCGTTTTACAGTGACACCGAAC	42.350	100.000	0.000	0	0.359	0	+
chrIV	1260	1296	AAGGGGAAGCTATTGACATGGTATCGAAAGGTTGTCC	42.480	100.000	0.000	0	0.154	0	+
chrIV	1439	1475	TATGTATTTCATTCAAGCGGTAACCGCTGTACGAGCA	42.420	100.000	0.000	0	0.037	0	+
chrIV	1476	1512	GTGACATTGCTGGTCGCACCTTAAATGTAAACCAACG	42.820	99.875	0.000	0	0.149	0	+
chrIV	1513	1544	TTACGGCACACCGTGATGTACCCGCATTAAAG	42.230	100.000	0.000	0	0.116	0	+
chrIV	1626	1662	AGTTTCTTTGCCTAAAATAGCCCAACATTGTTGCCCT	42.230	100.000	0.000	0	0.196	0	+
chrIV	1664	1700	TTTCTATCACGAGGTTACTGAGCCATTGCATGAACGC	43.040	100.000	0.000	0	0.203	0	+
chrIV	1769	1799	AAAACCCCTCGAACTGCCATCTCACTACCGA	42.570	100.000	0.000	0	0.414	0	+
chrIV	1832	1868	AGCGTAGATGTGTTATCCTTCAAACAGCTCGAATCCC	42.490	99.251	0.000	0	0.173	0	+
chrIV	1934	1970	AAGTCCTTAGCGTTTCGCATCTGGATGCTATTATGGC	42.900	100.000	0.000	0	0.166	0	+
chrIV	1972	2007	ACCACTTAGCGTCTGGTGGAAACTTTCCAACAATTG	42.220	100.000	0.000	0	0.058	0	+
chrIV	2013	2049	ACCCACTTATAGTTTCACTTCTGGTCCTGTTTCTGGG	42.080	100.000	0.000	0	0.246	0	+
chrIV	2138	2174	AACACACCAAGTTCTGATCCTCATGATTGGGAAGTCG	42.650	99.896	0.000	0	0.131	0	+
chrIV	2308	2344	AGCTGCCAAGGTTAAGTCATTTAAGGATTCTGTCCCT	42.200	100.000	0.000	0	0.156	0	+
chrIV	2349	2385	TCGAAGAGGCTTTGCAAGTGTATGCTACAGGATTTGA	42.470	100.000	0.000	0	0.091	0	+
chrIV	2413	2442	AAAATCATGGAGCCCTGTTGGCCTGGAAGA	42.030	100.000	0.000	0	0.143	0	+
chrIV	2443	2477	CGTTCAGCTTCCCAAGGATATTCATCGGTCCAAGC	43.370	100.000	0.000	0	0.217	0	+
chrIV	2564	2600	TTTTGCCTTGCATTTCGTATCTTGTGTCCTGGATTGT	42.090	100.000	0.000	0	0.411	0	+
chrIV	2605	2641	CCTCATGATGGTGTGGCTTTTCCAAAATATGAGGACG	42.170	100.000	0.000	0	0.188	0	+
chrIV	2693	2728	ATAAATGAGCAAGAAAGTGGTGCGAATGGATGGGAC	42.110	100.000	0.000	0	0.292	0	+
chrIV	2825	2858	AGCCACTTCTTCTACCGCCTTCTATCTGCAAAGA	42.150	100.000	0.000	0	0.187	0	+
chrIV	2893	2927	ATGGCCATATATTAAAGAAGCGCAATTGTCCCGCA	42.130	100.000	0.000	0	0.263	0	+
chrIV	3035	3071	GGCGAGTGGACACTTTTATCAAGCGATTTATCATGCA	42.070	100.000	0.000	0	0.119	0	+
chrIV	3288	3324	AGTACTATAAAATCTTTCCGTGCGCTCAAACGGAGGC	42.870	100.000	0.000	0	0.101	0	+
chrIV	3451	3487	AGCTTTAGTTTAACCCGTAGTTCGGGATACACTTCGG	42.110	100.000	0.000	0	0.063	0	+
chrIV	3575	3611	TGCTACTTTCATATCCTCCATTAAAGCGGGAGCTACC	42.050	100.000	0.000	0	0.101	0	+
chrIV	3639	3675	CGAGTGGGTTAGTTACACTAGGTGAAGGATCGTTTGC	42.510	100.000	0.000	0	0.143	0	+
chrIV	3682	3718	ATGGTCAAGCCATTCACGGACATTGATAATAGCTGGG	42.860	100.000	0.000	0	0.141	0	+
chrIV	3814	3850	TGTTTCTAACGGAACTGTATTAGACCATGCGCTCAGT	42.100	98.632	0.000	0	0.183	0	+
chrIV	3912	3948	ATCACCACAAAGGAAATGGCGATTCTACAACAGGACC	43.010	99.393	0.000	0	0.184	0	+
chrIV	4080	4116	TTTTAAAACGGATAACCACCAACCCTCGTCAGTGACT	42.410	100.000	0.000	0	0.189	0	+
chrIV	4162	4198	TTCCTATCATGCGCCTCGAAACAACTTCCATAGTACG	42.430	99.553	0.000	0	0.228	0	+
chrIV	4199	4229	TGCCTGCTACTGTGAGTAGTTTACTGCCGCA	42.830	97.707	0.000	0	0.299	0	+
chrIV	4235	4271	ACACTATACTGATTCAGCATCCATCAGTAAGTGCGCG	42.460	100.000	0.000	0	0.183	0	+
chrIV	4609	4645	TAACCCGGAATGGAAATTGTGCACAGTACATCAATGG	42.010	100.000	0.000	0	0.136	0	+
chrIV	4955	4991	CTTACTCGAGCTTTGAAATGAACAAGCCTAAACCGCC	42.420	100.000	0.000	0	0.352	0	+
chrIV	5300	5336	TGAAGTAGAAGAGCAGTCAGGTAGAGTGGTTATCCCA	42.020	97.701	0.000	0	0.215	0	+
chrIV	5337	5368	TCAGCCAGAACCTGTCCGTAAACAGGTTGTGG	43.250	100.000	0.000	0	0.065	0	+
chrIV	5446	5482	TCTGAAAATATGCTTCGGTTCGAATCTGTGGTCTGCA	42.600	100.000	0.000	0	0.200	0	+
chrIV	5483	5518	GTGCAGCGTGTTGGTATTTTACCGACAGTTTTAGCG	42.820	100.000	0.000	0	0.236	0	+
chrIV	5521	5557	ATATGTATAGATCTGTCACGCTTGCAACATCGCGACA	42.290	100.000	0.000	0	0.204	0	+
chrIV	5652	5688	TCAATGTTGGCTTTGTTCTTCTGGAGAGGAATCAGCT	42.560	100.000	0.000	0	0.210	0	+
chrIV	5705	5737	TTTTCTCTGCTCGAGAGTCATCGCGACATTCCA	42.540	100.000	0.000	0	0.199	0	+
chrIV	5738	5769	CACCCCGCGTTTTACGTGCACAGAATCTTTCG	43.250	100.000	0.000	0	0.187	0	+
chrIV	5770	5805	TAGAAGGGAGCATTTGACATCCTGTCAGCCATATGC	42.620	98.553	0.000	0	0.131	0	+
chrIV	6030	6066	AGTGACTCGAATGTATACCCAGGAAAGGCTAAGTCGC	43.210	100.000	0.000	0	0.279	0	+
chrIV	6109	6145	ACGGCTTAGATATTGTTCATGTTGAGTTCAGTCCGGA	42.020	100.000	0.000	0	0.263	0	+
chrIV	6179	6215	AACAGAGATATTTGACGCTACTGAGGATGCCAAGGAG	42.090	98.811	0.000	0	0.139	0	+
chrIV	6216	6248	GCAGACGAAAGTGAAAGAGGAATGCCACTTGCG	43.060	96.163	0.000	0	0.149	0	+
chrIV	6249	6283	ACAGCATTGAATACATATCCCAAGGCAGCAGCTTG	42.260	100.000	0.000	0	0.132	0	+
chrIV	6307	6343	TAATCATGGAAGGGTACGACACAGCTATTCTTGGAGC	42.110	100.000	0.000	0	0.175	0	+
chrIV	6389	6425	TGACAAAACTGGAGAATGGGAAATTTCAGCGTCATGG	42.240	100.000	0.000	0	0.197	0	+
chrIV	6430	6466	TCGGGCTGACCTTATGTTATATGGCAGGTGAAATTGT	42.370	100.000	0.000	0	0.213	0	+
chrIV	6469	6498	GGCTACAGCTAACGGGGCCCTCCGTGGATC	46.460	98.689	0.000	0	0.180	0	+
chrIV	6565	6601	ACTTTTGCAATAGTTTAGGCATGATTGCTGTGGGACA	42.010	100.000	0.000	0	0.130	0	+
chrIV	6602	6631	AGCATTGTGCGGGATGCCATGGGGTTGTTT	44.810	100.000	0.000	0	0.237	0	+
chrIV	6633	6669	CAGTGTTTGACGGTGTCTTACGCTTCTGAAATATGCC	42.210	99.952	0.000	0	0.232	0	+
chrIV	6792	6828	AAACTACCATTTGCCCTACAGTGGATTTTGCCAGTTC	42.150	100.000	0.000	0	0.221	0	+
chrIV	6896	6932	TGAGGCAAGGAGATCACTTAGAAGAACTTTAAGCGGC	42.470	100.000	0.000	0	0.165	0	+
chrIV	7057	7093	ATCGAAGAAGAACGAGAATTACTTGTCTCTGCTGGGC	42.410	98.905	0.000	0	0.100	0	+
chrIV	7143	7179	TACGAAAAGGCTGGCGTTAGTACTGAAATGTCCTTCA	42.240	100.000	0.000	0	0.200	0	+
chrIV	7202	7238	TCTCGGTATTTGTGCTACATTTCTATCTTGGTGGGCG	42.510	100.000	0.000	0	0.406	0	+
chrIV	7257	7293	TATGACCTTTACGCTTTTGGACTAGCCTTCCAAACCA	42.370	100.000	0.000	0	0.215	0	+
chrIV	7300	7334	TTTTCATTATTGGCGGTTTGGGGTGCTCAAGTACG	42.540	100.000	0.000	0	0.445	0	+
chrIV	7336	7372	ACGGTTCCAAAATGGGAAGTGGTTCTCTTTTAATGGC	42.290	100.000	0.000	0	0.169	0	+
chrIV	7518	7554	TTATACCAACTGAACTCTAAGAAGTGGAACTGGGGCG	42.030	100.000	0.000	0	0.158	0	+
chrIV	7593	7628	ACTTTAATCTGGGCTGTGGTTGACCTACCAGAAACT	42.180	100.000	0.000	0	0.259	0	+
chrIV	7728	7760	CCCCTAAAGACGTCTCTCATAACGACCCCAAGG	42.390	96.929	0.000	0	0.241	0	+
chrIV	7767	7803	TCGAAGCTTCCATTGCAGAGGAATAGCAATGTATCCC	42.650	98.251	0.000	0	0.093	0	+
chrIV	7993	8028	AGAGAAAAGATTCTTTCTCATCCGAGTATGGCGCGT	42.250	99.744	0.000	0	0.094	0	+
chrIV	8084	8120	GTCATAGTAACAGTCTGGGCACTCACTTCGTACATCC	42.090	99.023	0.000	0	0.221	0	+
chrIV	8165	8201	AATCTCGAATGAGCAGTTCTGGCAGTACTGAAACTGA	42.120	100.000	0.000	0	0.152	0	+
chrIV	8256	8292	TGCCGTCAAATTATATGTACAGTAGCTACCAGAGCGG	42.050	100.000	0.000	0	0.213	0	+
chrIV	8701	8737	AATAGTCTTGACTACCTCTCCACCATGGGCAATGTTG	42.310	100.000	0.000	0	0.113	0	+
chrIV	8777	8813	TGGGTTATCAATGGCTTGACATTGACTTTTCCTGTGG	42.010	100.000	0.000	0	0.191	0	+
chrIV	8814	8846	CAACCAAGTTCACAGCGTCACGATAATCACCGA	42.020	96.340	0.000	0	0.199	0	+
chrIV	8919	8952	TTTTACCCATACCGACTTGCACCATGGTACCTCC	42.720	97.705	0.000	0	0.257	0	+
chrIV	8953	8989	AACCTTAGTTGTTTTGACAGCGGCATCAATGCAAACA	42.770	100.000	0.000	0	0.135	0	+
chrIV	8990	9021	TCAGCACCTGAACACTCAAACACCACATCTGC	42.380	100.000	0.000	0	0.305	0	+
chrIV	9022	9051	GTGATTTCCGCCCAAAAGCTTTTGGACCCC	42.290	100.000	0.000	0	0.182	0	+
chrIV	9052	9081	ATCGGCCAAGTCTTGGGCTTTATCGGTGGA	43.210	100.000	0.000	0	0.192	0	+
chrIV	9082	9116	AAACTGGGAAGAATTGAAAGTGTTTGTGGCTCCGA	42.030	98.549	0.000	0	0.137	0	+
chrIV	9122	9158	TTTGCTCTCTGTAGCTTGTTGTCGAATACATCGACGA	42.120	98.382	0.000	0	0.174	0	+
chrIV	9159	9188	AAATGACGTCGGTGGCACCAAAAGCGCGGG	46.680	100.000	0.000	0	0.264	0	+
chrIV	9189	9218	CGACTGCGCCAGTTAAAAGCCCCACAGGAC	44.590	98.519	0.000	0	0.194	0	+
chrIV	9219	9254	CTGCACCAAATACAACAACTTTGGTACCAAAGCGGA	42.540	100.000	0.000	0	0.112	0	+
chrIV	9270	9306	TAGAGTGTACACCGACTGATAAGGGTTCGACACAAGC	43.050	94.832	0.000	0	0.139	0	+
chrIV	9307	9336	GCCCTCTTCATAACTGACGCCTTCTGGCAA	42.190	100.000	0.000	0	0.278	0	+
chrIV	9369	9405	ACTTCACAAGAGTACCATCAATTGGAGGAGTTGCAGC	42.810	99.885	0.000	0	0.145	0	+
chrIV	9406	9442	AAATGCCATATGTGGGCAAAGGTTATAGCTCCCTTCT	42.520	100.000	0.000	0	0.116	0	+
chrIV	9443	9476	TTGGTCTCATCAGAGTAACGGCTAGGAACACCAG	42.070	99.209	0.000	0	0.250	0	+
chrIV	9477	9510	GTTCAATAGCAACACGGTCACCAACTTTGACCCT	42.220	100.000	0.000	0	0.230	0	+
chrIV	9511	9540	TGTGACGGCATCACCAACTTCCACAACCTG	42.610	100.000	0.000	0	0.282	0	+
chrIV	9541	9573	TCCGCTTGATTCATGACCTAAAACCATTGGCGC	42.790	98.034	0.000	0	0.266	0	+
chrIV	9619	9652	ATCAGAGCCGCAGATACCAGTGGCTTTAATAGCT	42.290	98.958	0.000	0	0.153	0	+
chrIV	9667	9700	GGGGTCCTTAATGGTAGGGATTGGTCTTTGCTCG	42.950	100.000	0.000	0	0.364	0	+
chrIV	9701	9737	ATGGCAATATCGCCGACTTTCTCTAGAACTACTGCAG	42.190	100.000	0.000	0	0.214	0	+
chrIV	9933	9969	AGATGGAAGAAATGCGGTTAGCAAGGTGATACAGAGG	42.430	100.000	0.000	0	0.169	0	+
chrIV	9970	10003	CTTCATGTGACCGGAGAAAGGAGATACGAGACCG	42.320	98.062	0.000	0	0.293	0	+
chrIV	10081	10117	CTGAACGAAGTTCCTTCATTATTCACCCCAACCAAGC	42.220	98.867	0.000	0	0.083	0	+
chrIV	10118	10150	CCGATGGTTCCTGAAGCTAGGCGTAACTTTCCA	42.870	98.177	0.000	0	0.266	0	+
chrIV	10151	10186	ACTTCAACATAGATTTTGCCACTCGGCAGTAGCTGT	42.730	100.000	0.000	0	0.088	0	+
chrIV	10206	10242	TGCACCTATATGTGCCTAAAACTTACTCTCCTGCAGG	42.130	100.000	0.000	0	0.224	0	+
chrIV	10303	10332	CCCCGTAATTTGTTTGCCTTCATGCCTGCC	42.330	100.000	0.000	0	0.462	0	+
chrIV	10333	10366	TCTCCTTGTCTCAGGTCACACCATTCACGATTCC	42.400	100.000	0.000	0	0.281	0	+
chrIV	10368	10404	TCATGCCTGCTACCGATTTAGTAGTAAGAAAAGCCGT	42.040	100.000	0.000	0	0.337	0	+
chrIV	10432	10465	TTTTCCTTGGAATTGTTAGCCCGCCTTTTGGTCG	42.820	99.207	0.000	0	0.253	0	+
chrIV	10558	10594	ACAGATGAACGGTTCTATAGTTTCAGTGGACGTAGCG	42.020	100.000	0.000	0	0.187	0	+
chrIV	10819	10855	TGGACATATGCCGACTTAAATGCTAAAACCCTCGACT	42.250	99.728	0.000	0	0.298	0	+
chrIV	10923	10959	TAGTGGCAGATGCTCCTTGAACTACTAATGACCCAGG	43.040	99.085	0.000	0	0.247	0	+
chrIV	10960	10991	TCACCCAGAGAGGTCAGAGACTTTGTACGGGT	42.920	94.978	0.000	0	0.171	0	+
chrIV	11049	11085	TGTTGTGTGGAAACATGCCTCAAAATGTTTTCACCGC	43.320	100.000	0.000	0	0.084	0	+
chrIV	11104	11140	ATTTGCCAAGTTAACGAAGCATGAGAAAGTTTGCCCC	42.860	98.984	0.000	0	0.159	0	+
chrIV	11160	11196	ATCTCTTCTAATATGATGGTTGTTTGTGCGGCCACGC	43.290	100.000	0.000	0	0.227	0	+
chrIV	11285	11320	AGAGGAATGGTACAGTGTTACGTTCCTGGAAATGCA	42.270	100.000	0.000	0	0.131	0	+
chrIV	11333	11369	TTCCATAAGCACTCAAGTGGACCTATGTTGACTTCCC	42.250	100.000	0.000	0	0.186	0	+
chrIV	11372	11408	TCTTCATCACCACTCCGTTTTCACTCCATAAGCATCC	42.520	100.000	0.000	0	0.259	0	+
chrIV	11439	11475	AACAGAACTTCGTACAATGTTGCCTTAACCAAACGCT	42.070	100.000	0.000	0	0.188	0	+
chrIV	11688	11724	TCTTTCCAGCTTTTCTTCTTAGCCTCAGTTTCCCTGG	42.540	100.000	0.000	0	0.305	0	+
chrIV	11725	11754	AAGAAGCTCCTCTCCTTGAGGGTGGTACCC	42.270	96.591	0.000	0	0.101	0	+
chrIV	11980	12016	TTGCTTTAGATTTGACCTTCGAAGGGAATGACTCGGC	42.930	99.948	0.000	0	0.215	0	+
chrIV	12017	12048	AACCACAATATAAGCAACAGGGGCCCATGTCG	42.330	100.000	0.000	0	0.301	0	+
chrIV	12066	12102	TAGAAGCATGTGAACACAATCATGGCATTACCTGCAC	42.120	100.000	0.000	0	0.136	0	+
chrIV	12103	12133	CTTTCGAGGATGGACCATCCTGGCCATGAGG	43.330	99.502	0.000	0	0.088	0	+
chrIV	12147	12183	ACCCCGATACTTGCAAATATGACCATACAAGCCATCA	42.410	100.000	0.000	0	0.232	0	+
chrIV	12184	12218	TTGAAGCCGCTCCGAATAACAGACATTTACGACGG	43.140	97.458	0.000	0	0.255	0	+
chrIV	12263	12299	ATTCACTGTACCTAGGACGATCGAAGTCTCAAACCCA	42.570	93.781	0.000	0	0.273	0	+
chrIV	12416	12452	TGTTTTGACGGAGAAAAGTTCTTTCCATGAGGCTTCC	42.010	100.000	0.000	0	0.101	0	+
chrIV	12453	12482	CCTAGTTCTCTTTGGGCAAGGACACCGGCG	43.930	99.703	0.000	0	0.367	0	+
chrIV	12483	12519	TTGATTTCATCAGCCTGTTTGAGTACCCATGGATCCT	42.240	100.000	0.000	0	0.201	0	+
chrIV	12520	12553	CTGGTGAAACCTTGTTGATCTTGGCGATGGAGAC	42.270	98.350	0.000	0	0.155	0	+
chrIV	12589	12624	ATCTTGGGGACTCTGGAACTAATAACATGCCAACGA	42.070	99.878	0.000	0	0.201	0	+
chrIV	12625	12661	TGATAATTAGAGCCCACAGAAAGCATAGTCCCACAGG	42.050	99.610	0.000	0	0.218	0	+
chrIV	12747	12783	TGGTACAATGAGACAAGTCCACCTCTCAAATCTGTGG	42.170	93.628	0.000	0	0.137	0	+
chrIV	12790	12826	TTTCAGATAAAAGCATTGGACACAACACCGAACAGCC	42.460	100.000	0.000	0	0.219	0	+
chrIV	12827	12859	ACCAGCACCAAGACCGTAGATGATCTTACCGAC	42.330	97.797	0.000	0	0.183	0	+
chrIV	12937	12973	TTGCTAGCCTTCTACCTAAAGTATCAGCAAGTCTCGC	42.010	100.000	0.000	0	0.192	0	+
chrIV	12974	13006	AAAAGCAACACCGCCAATGGAACATCCTACACT	42.280	100.000	0.000	0	0.139	0	+
chrIV	13007	13036	GAACATGGCCACGAGAAGACCCATACGCAC	42.640	99.481	0.000	0	0.376	0	+
chrIV	13103	13139	ATTGATGAAGCCTGCAGTAATACCACTATCCCAACCA	42.100	100.000	0.000	0	0.242	0	+
chrIV	13198	13227	AAAAGCCTCTCTTCGGTGCGTCTGGCGTAT	43.350	100.000	0.000	0	0.214	0	+
chrIV	13245	13281	TTGTCATAAAACCCGTCTGACCATTCTTTCTCTCCGG	42.460	100.000	0.000	0	0.260	0	+
chrIV	13282	13313	GTGGCTGTACATGAACGTCAGCTGCACTACTG	42.300	100.000	0.000	0	0.291	0	+
chrIV	13322	13357	ATCTGCATTAATTTCTGGTGAGGACTGTTCGCTTGC	42.160	100.000	0.000	0	0.316	0	+
chrIV	13474	13510	ATACGTTTGAAAGTTGGTGATTACAGGCCAACACTGG	42.030	100.000	0.000	0	0.185	0	+
chrIV	13597	13633	TATTGAAAGGTTCAAGATGCGCAGTACAAGTCCTCGT	42.410	100.000	0.000	0	0.157	0	+
chrIV	13646	13682	TCTACCTTGCCTGACTTCTTTGCTAAATTGTGCCTCT	42.380	100.000	0.000	0	0.359	0	+
chrIV	13683	13714	GCGCAGTGCACGTTCAAAAGAAAAGCATACCC	42.530	100.000	0.000	0	0.240	0	+
chrIV	13784	13820	AAATAATTTTGCCTGCAGCAGGCTAGCTGCATATTCA	42.290	100.000	0.000	0	0.029	0	+
chrIV	13846	13882	TACGAGACGGAGTTAAGCAAAACGGAGTTAACACAGG	42.400	100.000	0.000	0	0.047	0	+
chrIV	14229	14265	TTGTTCAACGTTGCTTTTACCTCTGGCAATACTCCAC	42.110	100.000	0.000	0	0.270	0	+
chrIV	14269	14305	ATTTCAGGATTTGCTGCCAAAGTCCATTTTGTGCAAG	42.030	100.000	0.000	0	0.151	0	+
chrIV	14374	14410	TCTGAGAAATTATGACGGAAGAATGTAAGCTGCCGGT	42.210	100.000	0.000	0	0.149	0	+
chrIV	14429	14465	TTGCAAAGGAATTTTGAGAATTTATGGCTCGACGGCG	42.780	100.000	0.000	0	0.078	0	+
chrIV	14510	14546	AATATTATCCAGCAGCTGTTCTCCCATATAGTGCGCC	42.430	100.000	0.000	0	0.219	0	+
chrIV	14722	14758	AGCAGTATTGCAACAAGGCGTTACAGTCTTTGTTACC	42.110	100.000	0.000	0	0.101	0	+
chrIV	14816	14852	TTCATACCTGGGGTGGCCGTTTCATATTTCTGTTTCT	42.490	100.000	0.000	0	0.313	0	+
