chrII	1	32	AAATAGCCCTCATGTACGTCTCCTCCAAGCCC	42.630	100.000	0.000	0	0	+
chrII	33	69	TGTTGTCTCTTACCCGGATGTTCAACCAAAAGCTACT	42.300	100.000	0.000	0	0	+
chrII	109	144	TTTTATCCCACTTCTTCGCACTTGTCTCTCGCTACT	42.010	100.000	0.000	0	0	+
chrII	267	303	ACAACAATTTCCTTCACTCTCCAACTTCTCTGCTCGA	42.240	100.000	0.000	0	0	+
chrII	325	361	ATCAAATCTACCGTCTGGAACATCATCGCTATCCAGC	42.290	100.000	0.000	0	0	+
chrII	362	396	TCTTTGTGAACCGCTACCATCAGCATGTACAGTGG	42.940	100.000	0.000	0	0	+
chrII	397	430	TACCCTCGTGTTATCTGCAGCGAGAACTTCAACG	42.720	97.581	0.000	0	0	+
chrII	431	467	TTTGCCAAATCAAGCCAATGTGGTAACAACCACATCT	42.460	100.000	0.000	0	0	+
chrII	468	504	CCGAAATCTGCTCCAAAAGATATTCCAGTTTCTGCCG	42.240	99.651	0.000	0	0	+
chrII	513	549	TATTGTAGAACAGCCCTATCAGCATCGACAGGAATGC	42.290	100.000	0.000	0	0	+
chrII	550	580	CGTCCAATGCGGCACTTTAGATGGGGTAACT	42.110	100.000	0.000	0	0	+
chrII	581	610	CCCAGCGCAAGCTGATCTCGCAAGTGCATT	44.850	98.585	0.000	0	0	+
chrII	620	656	AATTCATATCTGCTCCTCAACTGTCGATGATGCCTGC	42.760	100.000	0.000	0	0	+
chrII	657	686	TAAACTGCAGCTTGACGTACTGCGGACCCT	43.120	98.864	0.000	0	0	+
chrII	687	716	GCAGTCCAGCGCTCGTCATGGAACGCAAAC	45.130	100.000	0.000	0	0	+
chrII	722	756	AAAACTCCAACTTTCTCGAGCGCTTCCACAAAGAC	42.340	96.021	0.000	0	0	+
chrII	757	787	CGTATCGTCTTTTGCCTCCCATTCTTCCCGG	42.250	99.752	0.000	0	0	+
chrII	810	844	AAAAGTACTGCAGCACCTCTGTCTTCGATTCACGC	43.280	100.000	0.000	0	0	+
chrII	863	899	TAATACAACTCTTTGATCTGCCTTCCAGACATGCGGA	42.080	100.000	0.000	0	0	+
chrII	900	929	AAACTTGGCTCCCTTGCTTGCCTCTTGTCG	42.880	100.000	0.000	0	0	+
chrII	1033	1069	TTTCAAATATCCTACAGGGTCCCCATGATATGGCTCG	42.010	99.392	0.000	0	0	+
chrII	1089	1125	TGTATTCCTCATCATTTCGCAGCATTCTCTCCACAGC	42.850	98.723	0.000	0	0	+
chrII	1127	1163	AGTGCTTCCCAAGCTATCCTCCGATACGATACTTTCT	42.570	100.000	0.000	0	0	+
chrII	1164	1194	GGCCAGCCCAACAGACACAGAGCCCGAACAT	46.910	100.000	0.000	0	0	+
chrII	1201	1237	ACAGCCCTTGCATAATCCGTATTGTGTGAATACTCCC	42.640	100.000	0.000	0	0	+
chrII	1361	1397	TTTCTCTCTAGGAAAACCATTTGACTCCCTTTCCGCT	42.080	100.000	0.000	0	0	+
chrII	1418	1454	TCGGTGACTGGATGGAATCTATTATCCTCAGCATTGC	42.210	100.000	0.000	0	0	+
chrII	1455	1486	CATCTTTATTGGCGTCCTCCTTGGCACTAGCG	42.340	100.000	0.000	0	0	+
chrII	1487	1521	TTGGTACTTTCAGTGGTAGTGGCATTAGTGCTGGA	42.210	99.936	163.065	0	8	+
chrII	1522	1553	GTTGGTGCTAGCAGTGGTAGTGGCATTAGTGC	42.480	98.731	0.000	0	2	+
chrII	1554	1584	TGGAGTTGGTGCTAGCAGTGGTAGTAGCACT	42.190	100.000	85.402	0	2	+
chrII	1585	1617	AGTGTTGGAGTCGGTACTTTCGGTGGTAGTAGC	42.210	100.000	100.000	0	2	+
chrII	1618	1653	ACTAGTGTTGGAGTTGGTACTTTCAGTGGTAGTCGC	42.100	100.000	521.540	0	8	+
chrII	1654	1689	ACTAGTCCTGACGTTGATGCTAGCAGTGGTAGTAGC	42.930	100.000	573.031	0	7	+
chrII	1690	1726	ATTAGTGTTGGAGTCGGTACTTTCGGTGGTAGTAGCA	42.680	100.000	100.000	0	2	+
chrII	1781	1817	CTTTCAGTGGTAGTAGCACTAGTCCTGACGTTGATGC	42.340	98.394	804.252	0	10	+
chrII	1818	1849	TGGCAGTGGTAGTAGCACTAGTCCTGACGTTG	42.320	100.000	329.426	0	10	+
chrII	1850	1880	GTGCTGGCAGTGGTAGTAGCACTAGTCCTGA	42.330	98.433	145.883	0	8	+
chrII	1881	1912	CGTTGGTGCTGGCAGTGGTAGTAGCATTAGTG	42.240	99.953	617.941	0	9	+
chrII	1913	1948	CTGGAGTTGGTAGTCGCATTGGTAGTAGCACTAGTC	42.020	100.000	53.777	0	3	+
chrII	1949	1978	CTGACGTTGGTGCTGGCAGTGGTAGTAGCA	43.470	99.256	666.337	0	8	+
chrII	1979	2012	TTAGTGCTGGAGTTGGTAGTCGCATTGGTACTGG	42.570	100.000	191.423	0	6	+
chrII	2015	2051	TTAGTGTTGGAGTTGGTACTTTCAGTGGTAGTCGCAC	42.300	100.000	545.218	0	8	+
chrII	2052	2082	TAGTCCTGACGTTGATGCTGGCAGTGGTAGT	42.340	100.000	863.248	0	7	+
chrII	2083	2119	AGCATTAGTGCTGGAGTTGGTACTTTCAGTGGTAGTC	42.150	100.000	547.771	0	8	+
chrII	2120	2149	GCACTAGTCCTGACGTTGATGCTGGCAGTG	42.570	96.363	837.794	0	10	+
chrII	2155	2191	AGCATTAGTGCTGGAGTTGGTACTTTCAGTGGTAGTC	42.150	100.000	547.771	0	8	+
chrII	2192	2221	GCACTAGTCCTGACGTTGATGCTGGCAGTG	42.570	96.363	837.794	0	10	+
chrII	2267	2303	TTAGTGTTGGAGTTGGTACTTTCAGTGGTAGTCGCAC	42.300	100.000	545.218	0	8	+
chrII	2304	2334	TAGTCCTGACGTTGATGCTGGCAGTGGTAGT	42.340	100.000	863.248	0	7	+
chrII	2335	2364	CGCACTAGTCCTGACGTTGATGCTGGCAGT	43.630	98.616	583.160	0	10	+
chrII	2365	2398	GGTAGTAGCATTAGTGCTGGAGTTGGTAGTCGCA	42.230	97.743	373.759	0	8	+
chrII	2399	2432	TTGGTACTGGCATTAGCACTACCATGAATGCACG	42.020	100.000	0.000	0	0	+
chrII	2433	2466	TGTCGCTGTCCTCATCACTGCTGCAATACTTTCT	42.720	100.000	0.000	0	0	+
chrII	2467	2497	GCACCTGTCACTGCTATTGCTCTCCTGGAAG	42.060	100.000	0.000	0	0	+
chrII	2498	2529	CTAGACGGTAACGCAACGATCGACATGGAAGC	42.100	100.000	0.000	0	0	+
chrII	2530	2565	TGTCGCCTGATTTTCAGCCAATCTGTCCATTCTTTC	42.170	100.000	0.000	0	0	+
chrII	2566	2599	TATCAGTTCCACTGTGTCAGCAGACAGGTCTGTC	42.150	95.252	0.000	0	0	+
chrII	2600	2629	CTGGAGCCACAGCATCCAACATGCTGGCCC	46.370	97.981	0.000	0	0	+
chrII	2643	2679	TTTGATTCAAGTCCATAGAACTCGCGTACCTGTTCGG	42.500	99.881	0.000	0	0	+
chrII	2683	2719	TACAGCCTTCCTTAATCGGTGGTAATTCACCCTTACG	42.070	100.000	0.000	0	0	+
chrII	2767	2800	CCCCATCTCTTAGTCTCCCTACGCCTTGAATGAG	42.070	97.167	0.000	0	0	+
chrII	2870	2906	CACTAATTTCGTTCCGATGAGAACTTGCATGCTACCG	42.100	100.000	0.000	0	0	+
chrII	2907	2942	TCAGTGACAAACTCCTTTGTGCGAGACACCTTTTCT	42.710	96.243	0.000	0	0	+
chrII	2943	2972	GCAGCACCCAAGCTTCCCGTGTATCCATAC	42.610	99.492	0.000	0	0	+
chrII	2982	3018	ATACTTTCTCCAAGAGCAGGCCAATTCTTCCACTTCG	42.700	100.000	0.000	0	0	+
chrII	3019	3050	TTGGTTGTGCTTGCAACTACAATGGCCTTCGA	42.620	100.000	0.000	0	0	+
chrII	3064	3100	TCAAAGAGGGCTAAAAGAAGCTTCAGTGCTTCTTCGG	42.890	100.000	0.000	0	0	+
chrII	3118	3154	TTCCAAATTTTATGAACATGCCCTAAAGGCACCTCGG	42.210	100.000	0.000	0	0	+
chrII	3172	3208	TTAAACATCCGTGTTGGATAGCTGGATAGACCTCTGC	42.110	100.000	0.000	0	0	+
chrII	3209	3241	TGAGATCTTCCGACCGTTTGAGCTCGTTGATGT	42.560	97.635	0.000	0	0	+
chrII	3242	3271	CCATCGACTTCTTGGCCAGTCCCGTAAGCC	43.800	100.000	0.000	0	0	+
chrII	3272	3301	CAATACGCTGCAACGCAGCATCAGCAACAG	42.570	98.829	0.000	0	0	+
chrII	3368	3397	CCCCAAATTGCGACTGCCGGTAGACCTCCG	45.580	98.286	0.000	0	0	+
chrII	3428	3464	GGTAACCCAATTTTACGTTGTTGGTCCTAAAGGTGCA	42.050	100.000	0.000	0	0	+
chrII	3465	3500	CTCAACAATATTCTCCCACGCAGCTATCCTGTCTGT	42.320	100.000	0.000	0	0	+
chrII	3523	3559	TCGTAGATCCCCACGTATAAATCAGTAACGCCATCGC	43.340	99.322	0.000	0	0	+
chrII	3570	3606	AATAAAGTTTCTTACAGGGGCCACATTCAAGCAACCG	42.280	100.000	0.000	0	0	+
chrII	3607	3636	CGTCGGCCCAACCTGATCATGCAATTAGCA	42.780	99.116	0.000	0	0	+
chrII	3637	3671	AGCAACACTGTGTACGGTACAAACAGAAACGACAC	42.040	99.834	0.000	0	0	+
chrII	3672	3706	ATATTTCACGTCGCCCTTAGATGCCAGTGCTATCA	42.300	99.452	0.000	0	0	+
chrII	3707	3742	AGGGGAGATGAAATAACTCCGTCTTACCATAGCCCG	43.040	98.386	0.000	0	0	+
chrII	3743	3772	GTGGGGCCTGTACTGCCACAGAGGGTGTGT	46.460	99.022	0.000	0	0	+
chrII	3784	3818	ATTTCATGACATAAGCGCAACTGATGCAAGTCCCT	42.010	100.000	0.000	0	0	+
chrII	3819	3851	GAATTCAAAGGAGCTGCCAAAGAGTTTCCGGCC	43.110	98.130	0.000	0	0	+
chrII	3852	3883	TGCGACGAGGATATCGTTTGTACTCTTGGGCT	42.400	100.000	0.000	0	0	+
chrII	3916	3947	TTTTGATCATGATCTGAACTCGCCGCCTCACC	42.150	100.000	0.000	0	0	+
chrII	3948	3977	TGCCACTACGTCTTCCGCATTCCGAGTACT	42.550	100.000	0.000	0	0	+
chrII	3980	4016	AGAATGAACAATGGTAGTCGCTTTCAAGGCCTAACCA	42.540	100.000	0.000	0	0	+
chrII	4017	4046	TTGAATCCAGCGCTCGGAAGTGAGTCCGTC	43.420	100.000	0.000	0	0	+
chrII	4047	4077	AAGCGTCTTTAGTCGAGGCTCCGATGAACCG	43.100	100.000	0.000	0	0	+
chrII	4078	4112	TTCTTGTTGTATCGTCGACGTATACGTTGCGCTGT	42.650	97.809	0.000	0	0	+
chrII	4113	4146	AGCTCTGGATAACGGTAAGCGTATCACCGTAAGC	42.380	100.000	0.000	0	0	+
chrII	4179	4215	TGTTAGTATCTCTTCTCAACTTGGGCAGCACACATGC	42.770	100.000	0.000	0	0	+
chrII	4274	4310	ACTTTATCTCAGTGGGTTTACGTGGGCATAGATCACG	42.190	100.000	0.000	0	0	+
chrII	4311	4342	CTTCAGCCGCTCTGTGTCGACTTTCTTTTCGC	42.870	100.000	0.000	0	0	+
chrII	4439	4475	TGGTGCTTTTCTGAAGACTCCTTACAATAGGTGTGCC	42.640	100.000	0.000	0	0	+
chrII	4479	4515	AACAAAGTCAGTGAAAGTACGCATCGTAGAGCTGTCG	42.650	100.000	0.000	0	0	+
chrII	4516	4545	TTCGGCCTGGCACTCGCTATTTCGTAACAA	42.050	99.947	0.000	0	0	+
chrII	4679	4715	TCTTGGGAATAAGATACTTTGAAGGGATTGGTCCGCC	42.370	99.413	0.000	0	0	+
chrII	4716	4752	CTGGAAATCTGGTTCGTCTTCAACAAACGTCAGGAAC	42.160	100.000	0.000	0	0	+
chrII	4847	4883	TTAGACCAGACTTTTCGTCTTCGTAGAATGACCGCAC	42.260	99.839	0.000	0	0	+
chrII	5142	5178	ACTCTATTGAGAAGAAGCAGAATCTGCGCTATGCAGG	42.380	98.814	0.000	0	0	+
chrII	5223	5259	TCTCACTAAGATAAGCGACTGTCTGTCCCCTTCAAGC	43.010	100.000	0.000	0	0	+
chrII	5271	5307	AACAGAAGGATGTCTCATTCATCGCTTGATTTCCGGC	43.140	100.000	0.000	0	0	+
chrII	5323	5359	AGTCGGTACGTACTTTCGTTTTCAATTTCCATGGTGC	42.060	100.000	0.000	0	0	+
chrII	5373	5409	TATCTGCTTAGTCGAGGAGAACCAGGATTCTGTTCGT	42.430	100.000	0.000	0	0	+
chrII	5410	5440	TGCTCAGCCGCTTCGTGGATATTCTCTTGGA	42.770	100.000	0.000	0	0	+
chrII	5442	5478	ACTTTAAACATGGACCTACGTTCCGCTCTCGAAAAGA	42.190	100.000	0.000	0	0	+
chrII	5509	5545	TCCTTATTAGGTATACGACCTCGCGCTTCGAAGTAGA	42.070	100.000	0.000	0	0	+
chrII	5554	5584	TTTTGGCGTACCTACATATGGCGCGTCAGAC	42.140	99.931	0.000	0	0	+
chrII	5605	5641	TGTATTACCCCGCCGAATAAGAAAACAGACCCATTCA	42.280	100.000	0.000	0	0	+
chrII	5642	5676	CCCACGACGTATCAAGTTACTTCCTTGGTGCAATG	42.130	99.225	0.000	0	0	+
chrII	5692	5728	ATTCCTTGACGCTAGATCGTTGGACTAAAATCTGCGT	42.290	100.000	0.000	0	0	+
chrII	5768	5804	AAGGTTACTTCCTAGATGCTATATGTCCCTACGGCCT	42.080	100.000	0.000	0	2	+
chrII	5848	5884	ACCCTAACACTACCCTAACCCTACCCTATTTCAACCC	42.540	100.000	0.000	0	2	+
chrII	5885	5921	TTCCAACCTGTCTCTCAACTTACCCTCACATTACCCT	42.690	99.814	90.508	0	2	+
chrII	5922	5954	ACCTCTCCACTTGTTACCCTGTCCCATTCAACC	42.640	100.000	65.057	0	2	+
chrII	5955	5984	ATACCACTCCCAACCACCATCCATCCCTCT	42.090	100.000	170.282	0	3	+
chrII	5985	6019	ACTTACTACCACCAATCAACCGTCCACCATAACCG	42.500	99.651	0.000	0	0	+
chrII	6033	6067	AGCCATATTCAACTTCACTACCACTTACCCTGCCA	42.170	100.000	0.000	0	0	+
chrII	6070	6105	ACTCTACCATCCACCATCTGCTACTCACCATACTGT	42.360	100.000	0.000	0	0	+
chrII	6162	6198	TTACCCTACCACTTTATACCACCACACATCACATGCC	42.300	97.274	32.781	0	2	+
chrII	6205	6241	ACCTTCACTTGTATACTGATATGCCATACGCACACGG	42.350	100.000	0.000	0	0	+
chrII	6269	6305	TTACCCTACTCTCACATTCTACTCCACTCCATGACCC	42.250	100.000	0.000	0	0	+
chrII	6317	6353	AATCAGTACTAAATGCACCCACATCATTATGCACGGC	42.040	100.000	0.000	0	2	+
chrII	6354	6383	ACTTGCCTCAGCGGTCTATACCCTGAGCCA	43.910	100.000	282.193	0	4	+
chrII	6425	6461	TATCTCATTCGGCGGGCCCAAATATTGTATAACTGCT	42.270	100.000	194.448	0	4	+
chrII	6728	6763	ATGCCACCTCACTGTCGTAACACTCTATATTCACCG	42.070	100.000	0.000	0	2	+
chrII	6764	6798	AGAAACAATACGGTAGTGGCTCAAACTCATGCCGG	43.130	100.000	38.141	0	2	+
chrII	7000	7036	TCAGCGCCGTATACTAAAACGGACGTTACGATATTGT	42.030	99.835	91.185	0	2	+
chrII	7184	7220	TGGTACCATGACTTGTAACTCCACTACCCTGATCTGC	42.970	100.000	80.454	0	2	+
chrII	7227	7263	GTTCTTAGAAGTGACGCATACTCTATATGGCCCGACG	42.120	100.000	87.444	0	2	+
chrII	7302	7337	TTTTATGGAAGGACAAAGTGCTGCGAAGTCATACGC	42.200	100.000	0.000	0	0	+
chrII	7585	7621	ATTCGTAAAGGCATCACTCCCTAGTTTGCGATAGTGT	42.060	100.000	0.000	0	0	+
chrII	7622	7655	AGATACCGTCCTTGGATAGAGCACTGGAGATGGC	43.240	97.660	97.660	0	2	+
chrII	7656	7689	TGGCTTTAATCTGCTGGAGTACCATGGAACACCG	43.000	99.687	99.687	0	2	+
chrII	7690	7724	GTGATCATTCTGGTCACTTGGTCTGGGGCAATACC	43.130	100.000	93.644	0	2	+
chrII	7725	7761	AGTCAACATGGTGGTGAAGTCACCGTAGTTGAAAACG	43.030	97.892	96.428	0	2	+
chrII	7762	7795	GCTTCAGCAACTTCGACTGGGTAGGTTTCAGTTG	42.320	100.000	100.000	0	2	+
chrII	7796	7825	GGTGGGCGGCTTGGAACATGTAGTATTGGG	42.680	98.806	98.806	0	2	+
chrII	7826	7861	CCAAGTGAGCTCTGATATCAGAGACGTAGACACCCA	42.670	100.000	94.342	0	2	+
chrII	7865	7901	CCACCAAGTTGACTCTTTCGTCAGATTGAGCTAGAGT	42.070	99.630	99.630	0	2	+
chrII	7902	7931	GGTGGTTGCAGAAAGCAGTAGCAGCGATGG	43.210	99.165	0.000	0	2	+
chrII	7932	7966	CAGCGACACCAGCAGCGATTGAAGTTAATTTGACC	42.880	97.312	96.300	0	2	+
chrII	8023	8059	GAAAGCGCATACCTCAAAGGCATATAGTTGAAGCAGC	42.410	100.000	19.157	0	2	+
chrII	8099	8135	AACGATTCGTTAACAGACGCTCATTTAGCACCTCACA	42.610	96.951	0.000	0	0	+
chrII	8244	8280	TATGGCACTCATGTGTATTCGTATGCGCAGAATGTGG	42.970	100.000	86.403	0	2	+
chrII	8317	8347	AAAACCCTTTTGCGCGCCTGTTAAGTTTCCG	42.320	100.000	0.000	0	0	+
chrII	8377	8413	AGATTTGGACCCTCGTTCAGAAGCTTACTGTCTAAGC	42.150	100.000	0.000	0	0	+
chrII	8415	8451	ATCATTTGGTGTGTCCTAAACGGTTTCCATGCAAAGC	42.700	100.000	0.000	0	0	+
chrII	8625	8661	TGTGTTTATGAAATGTGTCAAGGCCCGTCTATAGCGT	42.480	100.000	0.000	0	0	+
chrII	8693	8725	TTTTACGCTCAAAAGGCAACGAGGGCACATACT	42.170	100.000	0.000	0	0	+
chrII	9408	9444	AATCCACATTCTCTACACCAATACCATCGACGAGAGC	42.050	97.659	0.000	0	0	+
chrII	9552	9588	ACTGGTTACCGGAAAGGTTTAGAAAATTCGTGGAGGG	42.660	100.000	0.000	0	0	+
chrII	9589	9618	TTGGCCGAGTGGTCTAAGGCGGCAGACTTA	44.320	100.000	0.000	0	0	+
chrII	9619	9648	AGATCTGTTGGACGGTTGTCCGCGCGAGTT	45.010	100.000	0.000	0	0	+
chrII	9777	9813	TTTTCTTCATGGCGTCCTTTGCATCCAGCAATAATGG	42.650	100.000	0.000	0	0	+
chrII	9930	9966	AATCTTTCAGCGGACTAGAAGAATAGGGCGTTCAACT	42.040	100.000	0.000	0	0	+
chrII	10008	10044	TATTTTGCTCGCAGTTTTGCCTTAAAATGCCCTCTGT	42.430	100.000	0.000	0	0	+
chrII	10070	10106	TTTCTATTATTTGCCACCCACTCTGTCACCTTCGTCC	42.510	100.000	0.000	0	0	+
chrII	10114	10150	ATATTGAGCTTCCTGTTTCTCCGCTCTTTCTCTTGCA	42.370	100.000	0.000	0	0	+
chrII	10155	10191	AAGGATCAATTCTTGCGTCTATAAGTGGTTCCGCAGT	42.370	100.000	0.000	0	0	+
chrII	10201	10235	ATTATTACCGCACTGCTGATCGGTCTCGTTCTTCA	42.290	100.000	0.000	0	0	+
chrII	10422	10458	TCAAGCTTGGATCAACACATCTTTCTCGCGTAACTGT	42.660	100.000	0.000	0	0	+
chrII	10496	10532	AGATTTGTTTCAAGTAAGCTTTGGGGTGCCGTAAACG	42.440	100.000	0.000	0	0	+
chrII	10633	10669	TAACTTGGCGGACAAAATTACCGTCACGTTCAAAAGT	42.030	100.000	0.000	0	0	+
chrII	10750	10786	AATCGCTTCAAGCCTCCTATCTTAGAGTCTAGAGCCT	42.130	100.000	0.000	0	0	+
chrII	10790	10823	AAAATTCTTATGCGAGCAAGGGCAACCTGATCGA	42.050	100.000	0.000	0	0	+
chrII	10850	10884	AAAACCTACAGCGCTCTTCATCATATCCCTTCCCG	42.630	100.000	0.000	0	0	+
chrII	10885	10921	TTTCTTCCATTGCGTCATTCATGGTTTGTCCCATTGT	42.300	100.000	0.000	0	0	+
chrII	10941	10977	GTGGTTTCTACCGTGTCTAAACGAGTTTCAATTGCCC	42.210	100.000	0.000	0	0	+
chrII	11003	11039	TCCATTACTTCTTCCAGAGCTTCTTACAGGTCTGGCA	42.830	100.000	0.000	0	0	+
chrII	11040	11074	TACCTGTGATCTTCCGTACCGGGAGGTAACTTTCT	42.490	100.000	0.000	0	0	+
chrII	11084	11120	ACTACTACTGGAAGATATGCATCCTCGAGCAATTGCG	42.230	100.000	0.000	0	0	+
chrII	11121	11157	CTTTCCTCATACTTCGATTCGGGCCTTTCTATACCGC	42.530	100.000	0.000	0	0	+
chrII	11195	11231	AGTTCCTCTAGCCCATTGTAAGGAATTCACTTGAGGC	42.320	100.000	0.000	0	0	+
chrII	11280	11316	TGTTGTGATATGTCAGCAGTATGATTCGTTCCGGTGG	42.610	100.000	0.000	0	0	+
chrII	11329	11365	GTACTGAAATCAAAGAGGCTTGGAATTTCCCTGTGCG	42.360	100.000	0.000	0	0	+
chrII	11395	11431	ATGAATTTTCAACGTATTGAGCGCTTAGAGGGACCGG	42.940	99.410	0.000	0	0	+
chrII	11563	11599	ATCCACTAGTGGCAATTGGATACTTGAAAAGCGCATG	42.170	100.000	0.000	0	0	+
chrII	11614	11650	TACCTGGTGATACTAAACGAATGTCATTTGCGCCACT	42.480	100.000	0.000	0	0	+
chrII	11658	11694	ACAAATCCAGGTATTGCGATACCCTTGCTTAAACCCT	42.540	100.000	0.000	0	0	+
chrII	11819	11855	AGTTGCAGGCAGTATTTTGAAAGTCATCAATTCCCCG	42.290	100.000	0.000	0	0	+
chrII	11891	11927	CCCATCATCTCCATATTCCATGACGCAAAAGTGAACG	42.130	97.248	0.000	0	0	+
chrII	11970	12006	TTTTCATTGAAGATTATAGCCGGGCCTCTTCTGTCCA	42.190	100.000	0.000	0	0	+
chrII	12012	12048	ATTAAGGTTCCTTCAATGAAACCAACGGCAACGAACC	42.490	100.000	0.000	0	0	+
chrII	12104	12140	ACTTGGTATAAAGCCTTGTTTAACGTTCGTAGGCCCT	42.350	100.000	0.000	0	0	+
chrII	12187	12223	ATCTGCTAAACTTCAATTGCAGTGCATCGCTTTTGGG	42.860	100.000	0.000	0	0	+
chrII	12258	12294	AAAAGAATAACATCCCCAACCTCAGATGATACCGCCA	42.240	99.035	0.000	0	0	+
chrII	12380	12416	TACAGCGTTGTCAGTTACTTCACTGTGTGAAGCATCC	42.740	99.667	0.000	0	0	+
chrII	12437	12473	ACTATGCCCAGTTAGTAAAGCAGATCTGGTCTCATGC	42.150	99.658	0.000	0	0	+
chrII	12511	12547	AAAACGATTCACTTTGAGCGATTGTCATCATCCCCAG	42.080	100.000	0.000	0	0	+
chrII	12563	12599	AACTGATTGCGCTATACAAGTAGTAACCGTTGGTCGA	42.050	99.059	0.000	0	0	+
chrII	12600	12630	ACCCATGCTAAGCTCCGAGGGAAAATGGAGG	43.180	100.000	0.000	0	0	+
chrII	12643	12679	AAGAGCCTGCTGGGTATATCAATGTTTCAAGTTCGCC	43.050	99.930	0.000	0	0	+
chrII	12700	12736	TGAGGTTTGTGTCATGGCATCCACCAAAATATGGAGA	42.660	100.000	0.000	0	0	+
chrII	12737	12773	AGCCTTCGGCAAGGGTAGAAAATTTATTAGTGGAGCT	42.350	100.000	0.000	0	0	+
chrII	12797	12833	TTGTTGAACCGGTTTAGCATAGTACTTGCTCATTGCG	42.120	100.000	0.000	0	0	+
chrII	12834	12868	TCAAATGATGTCACAGAATACATTGGTGTGCCGCC	42.410	98.718	0.000	0	0	+
chrII	12924	12960	GCAATCAACAACGATGTATACTCAGGATTACGCTGGC	42.040	98.999	0.000	0	0	+
chrII	12982	13018	TAGCGGGTGTTTCTGTAAAGGAACAGTCTTTCAAGGC	42.860	100.000	0.000	0	0	+
chrII	13054	13090	TTCTAGCGTGAATCAGTTTACCGCTATTGACATCCCA	42.040	100.000	0.000	0	0	+
chrII	13138	13174	TTGGGTGATAAAGTGACTGAATGACCTTTGGAGTGCG	42.910	100.000	0.000	0	0	+
chrII	13175	13211	TTTCTTTTCTATGTTTGTGGATAGATCACCGCCCGGA	42.250	100.000	0.000	0	0	+
chrII	13428	13464	TAGATCAATATGGATCCACTCTCGAGGCCAATCAGCA	42.680	99.680	0.000	0	0	+
chrII	13469	13505	ATCCAAGGACGGATCAGTCTCAATACAAGTGATGCTG	42.250	100.000	0.000	0	0	+
chrII	13656	13691	ATTTGCTTTTGCCCATAAACATGTATCTCCCCAGCA	42.080	100.000	0.000	0	0	+
chrII	13697	13733	TGCAACTGCCAAAAGGCTTTGAGTATAGTCGAATGTG	42.160	100.000	0.000	0	0	+
chrII	13800	13836	ATACCATTTGAGACGTCATGAACTCTCGCGGATTTGA	42.290	96.851	0.000	0	0	+
chrII	13998	14034	TGTAAACAGAATGCGCATTGTTGAACATACGGCTTCG	42.660	100.000	0.000	0	0	+
chrII	14150	14183	AAAACCCTCTCCTCCTATGAAGCGGAACAGTTCA	42.160	100.000	0.000	0	0	+
chrII	14267	14303	AGGAAAATCCTCTAAACTCTTCTTGCTGGCTCGTTGT	42.330	100.000	0.000	0	0	+
chrII	14304	14335	CAAAACAGAGGGCAGAGGTGTAAGTGTGGGTG	42.270	100.000	0.000	0	0	+
chrII	14379	14415	AGATTTAATTTCTGGGATGTAGGGTGGTTTCACGCGA	42.410	100.000	0.000	0	0	+
chrII	14443	14479	TTACGGAAGAAAGGTTCTTCCATAACTTCGTCTGCGT	42.190	100.000	0.000	0	0	+
chrII	14480	14509	CCCTGGGACCAGCACCCAACCTCTTTTCAG	43.940	100.000	0.000	0	0	+
chrII	14602	14638	ACTTCATCTTCGTCATCTCCTGAGAATGGAGATTGGC	42.120	99.631	0.000	0	0	+
chrII	14639	14673	ACAGTAGCATTTGATATAGCAGCACCCCAAATGCC	42.130	100.000	0.000	0	0	+
chrII	14714	14750	TTTCTGGAGCCATAAATTCTGGTGTGCCACAAAATGT	42.170	100.000	0.000	0	0	+
chrII	14872	14908	TCATGAAAATATTTCAGAGCCAGTAAGACCTCGGCGG	42.530	98.611	0.000	0	0	+
