chrIII	2	31	CCACACACCACACCCACACCACACCCACAC	46.060	94.250	447.332	0	14	+
chrIII	32	61	ACCACACACACCACACCCACACACCCACAC	45.690	95.211	573.141	0	15	+
chrIII	62	91	CACACCACACCCACACCACACCCACACACC	46.060	94.250	452.659	0	15	+
chrIII	92	121	CACACCCACACACCACACCCACACACACCA	45.690	95.211	753.611	0	15	+
chrIII	122	151	CACCCACACACACCCACACCCACACACCAC	46.060	94.151	335.653	0	9	+
chrIII	152	181	ACCCACACACACACCACACCCACACACACC	45.690	95.211	487.728	0	15	+
chrIII	186	215	CACACCCACACCACACCCACACCCACACAC	46.060	94.151	516.050	0	9	+
chrIII	233	262	CCCACACCCACACACCACACCCACACACAC	46.060	94.151	691.754	0	15	+
chrIII	263	292	CACACCCACACACACCCACACCACACCCAC	46.060	94.151	0.000	0	7	+
chrIII	293	322	ACACCACACCCACACACCCACACCCACACA	46.740	95.211	354.276	0	9	+
chrIII	326	355	CACACCCACACCACACCCACACCCACACAC	46.060	94.151	516.050	0	9	+
chrIII	404	438	ACCTGTCTCCCAACTTACTCTCCATTACCCTACCT	42.160	100.000	0.000	0	0	+
chrIII	439	472	CTCCACTCGTTACCCTGTCTCATTCAACCGTACC	42.490	99.394	0.000	0	2	+
chrIII	473	508	ACTCCCAACCACCATCCATCTCTCTACTTACTACCA	42.060	100.000	179.998	0	3	+
chrIII	509	538	CCAACCCACCGTCCACCATAACCGTTACCC	43.840	97.989	77.064	0	3	+
chrIII	539	569	TCCAACTACCCGTATCCAACTCCACTACCGC	42.380	100.000	0.000	0	0	+
chrIII	570	606	TTACCCTACCATCGACCATGTCCTACTCACTGTACTG	42.300	100.000	98.619	0	2	+
chrIII	661	697	ACTTATCCTACCACTCTAATCCCACTACCACATGCCA	42.350	99.215	0.000	0	0	+
chrIII	699	735	ACTCACCTTCACTTGTATTCTGATCGGTCATACGCAC	42.240	100.000	0.000	0	2	+
chrIII	777	813	TCATATTCCACTCCATCACCCATCTCTCACCATCAGT	42.540	100.000	0.000	0	0	+
chrIII	814	843	ACCAAATGCACTCGCATCATTATGCACGGC	42.060	100.000	81.376	0	0	+
chrIII	844	873	ACTTGCCTCAGCGGTCTATACCCTGTGCCA	44.260	99.596	289.019	0	4	+
chrIII	917	953	TCTCATTCGGCGACACCAAATATTGTATAACTGCCCT	42.290	100.000	56.231	0	4	+
chrIII	1155	1191	ATTGCTTGAACGGATGCCATTTCATGTTGAATGTGGT	42.640	100.000	0.000	0	0	+
chrIII	1413	1449	AATTCATTACGTCAACAGGTTATGAGCCCTCAGAGCA	42.240	100.000	0.000	0	0	+
chrIII	1475	1511	ATCTAGCCCCAACAATTATAAACAGTGGCTGTACGGT	42.170	100.000	0.000	0	0	+
chrIII	1587	1623	AGGGATTACAATCTCAGCGCGAATGATGAAAGCTTTG	42.110	100.000	0.000	0	0	+
chrIII	1652	1688	AAAGCTCTACAAGAAAACTATCGTGGGTGAAGCTGCA	42.590	100.000	0.000	0	0	+
chrIII	1695	1731	ATGAACTGGATATGTGATGATTCGCTTGGAAGGGTCT	42.070	100.000	0.000	0	0	+
chrIII	1869	1905	TTCACGATGCTTGAAGACAATAGCGAAGAACAGGACA	42.500	99.393	0.000	0	0	+
chrIII	1914	1950	AGACGCGACACCAATATCGCGTTGTTATTAATGACCT	42.570	100.000	0.000	0	0	+
chrIII	1971	2007	TCATTCCACGAGAAATTCGGTGACTCTAAGGCTCTTC	42.120	100.000	0.000	0	0	+
chrIII	2041	2077	ATGCGTCATCGAATTCATCATCTTCGGTCTCAGATGC	42.800	97.451	0.000	0	0	+
chrIII	2136	2172	TTTACGGAGCTGATCATCGCATAAGCAACTGTTCTCT	42.310	100.000	0.000	0	0	+
chrIII	2221	2257	TGACAAAACGAGTAGATCTTCATCTGCTAGTGTCGCG	42.260	99.819	0.000	0	0	+
chrIII	2258	2290	ATTCCTGACTATGAAACGCAAGGCCAAACAGCA	42.270	98.902	0.000	0	0	+
chrIII	2291	2324	GGACAGATAACACCGAAGTCCTGGCTCTGTATGT	42.120	98.077	0.000	0	0	+
chrIII	2326	2362	ATCTTCGACTGTTCCAGCTACCAAATCCTCAGAATGG	42.260	98.829	0.000	0	0	+
chrIII	2365	2398	TTTTGACACAGGATGTACTTCCCACATGTGCCAC	42.130	100.000	0.000	0	0	+
chrIII	2426	2462	AGATCCTCTAGGAAAGACTTTGTCAGAGGAGTTGGCG	42.910	100.000	0.000	0	0	+
chrIII	2463	2492	GTTCCATACCCATCATGGGCTCCGGAACTG	42.170	98.187	0.000	0	0	+
chrIII	2586	2622	ACTCTTCTGTTACGTTCACAAAAGAGGGTGTCACTGT	42.130	91.275	0.000	0	0	+
chrIII	2623	2656	GCAATCACCTGATGATGTGGTTTCTACAGCTGGG	42.230	99.800	0.000	0	0	+
chrIII	2660	2696	TCACAATAAAAGACTCTGGGAAGTACAAAGCTCGCCT	42.160	100.000	0.000	0	0	+
chrIII	2697	2726	TGTCGCCCAAGGACATACTCAAAAGGCTGG	42.190	100.000	0.000	0	0	+
chrIII	2736	2772	TCAGGAAACCTTTGCACCAGTCATTCGATATGACTCT	42.060	100.000	0.000	0	0	+
chrIII	2773	2809	GTTAGATTATTTCTGGCCCTTGCTAGCTGCCTCAAAC	42.020	100.000	0.000	0	0	+
chrIII	2820	2856	TCAGATGGACGTTGACACTGCGTTTCTAAACTCAACC	42.870	99.446	0.000	0	0	+
chrIII	2857	2890	ATGGATGAGCCGATCTACGTAAAACAACCACCCG	42.940	98.743	0.000	0	0	+
chrIII	2900	2936	ACGAGAGGAATCCCGACTATGTATGGGAACTATACGG	42.260	99.922	0.000	0	0	+
chrIII	2945	2981	ATGGACTCAAACAAGCCCCATTACTATGGAACGAACA	42.440	100.000	0.000	0	0	+
chrIII	2999	3035	AAAAGATTGGTTTCTGTCGACATGAAGGCGAACATGG	42.320	100.000	0.000	0	0	+
chrIII	3042	3078	TTTTCGTTCCACATCTGATGGTCCCATCTACATTGCC	42.900	100.000	0.000	0	0	+
chrIII	3080	3116	TATACGTAGACGACTTACTTGTTGCTGCTCCCTCTCC	42.660	100.000	0.000	0	0	+
chrIII	3205	3241	ATTCATCAATCGTCAAACGGAGACATCACTCTCTCCC	42.180	97.758	0.000	0	0	+
chrIII	3290	3326	TTAAACTTACACAGACTCCGCTCTGCAACTCAAAGCC	42.940	100.000	0.000	0	0	+
chrIII	3332	3368	TCGAAACAACTTCCCCGCATCTAAAAGACATCACTCC	42.730	98.943	0.000	0	0	+
chrIII	3381	3416	AGTTGGTCAGCTTCTCTTTTGTGCAAATACTGGTCG	42.030	100.000	0.000	0	0	+
chrIII	3417	3453	TCCGGACATATCGTATCCAGTCTCATTACTCTCCAGG	42.090	100.000	0.000	0	0	+
chrIII	3454	3484	TTCCTTCGAGAACCTCGCGCAATCCATTTGG	42.560	99.912	0.000	0	0	+
chrIII	3485	3514	AGTCTGCTCGGCGGGTTCTACGGTACCTAT	43.400	100.000	0.000	0	0	+
chrIII	3530	3566	TGTGTCTCAAGTATCGTTCTGGATCTCAGTTGGCATT	42.010	100.000	0.000	0	0	+
chrIII	3577	3613	TGTGATGCATCTCATGGAGCTATTCACGATCTACCAC	42.110	100.000	0.000	0	0	+
chrIII	3624	3653	GGGGTACGTGACTCTACTTGCTGGTGCTCC	43.160	100.000	0.000	0	0	+
chrIII	3654	3685	CGTTACGTGGTCATCGAAGAAGCTCAAGGGTG	42.110	100.000	0.000	0	0	+
chrIII	3750	3786	ATGGATTCAAAACTTGTTTGAACACTTAGGCCAGCCA	42.130	100.000	0.000	0	0	+
chrIII	3852	3888	TCACACGAGAGCAAAACACATTGCTTTGAGATACCAC	42.070	97.880	0.000	0	0	+
chrIII	3889	3924	AAGCTAAGAAATGCAGTGGCAGCAGGCATAATTACC	42.310	100.000	0.000	0	0	+
chrIII	3996	4032	AACACATAGGGCTGTCATGATAAGGGAACCAGAAACT	42.040	100.000	0.000	0	0	+
chrIII	4387	4423	ACAAGGTTGTTTCTAAGGTGCTATATGTCCCTACGGC	42.250	100.000	0.000	0	2	+
chrIII	4424	4454	CTCGTTTAGCCCCATCTCGCATGCAATACCG	42.610	99.332	0.000	0	0	+
chrIII	4512	4548	ATATAGAAATGTCCGACACTTGCGCTACACTAAGGCA	42.030	100.000	0.000	0	0	+
chrIII	4792	4828	TCTGATACTATGGTATGAGAGGCCTTGGTAAAGGGCA	42.400	100.000	0.000	0	0	+
chrIII	4869	4905	AGAGCATATCGTCTCGTTGAGACCGTATAGATTCGCA	42.530	98.291	0.000	0	0	+
chrIII	5070	5106	ATGCAGCAGTAATAAAACACATTGGCTTCGCTTTCGC	43.080	100.000	0.000	0	0	+
chrIII	5142	5178	ATGATATACTGGTGCTCGAGGATGATGAGAGGACACA	42.290	99.072	0.000	0	0	+
chrIII	5226	5260	AACTGTCCACGATTCAGGGATGTGCTATGAGTTCA	42.210	98.821	0.000	0	0	+
chrIII	5261	5290	ATTTTCGCTGTAGTGCTGCCATTGGCGCTG	43.600	100.000	0.000	0	0	+
chrIII	5306	5341	AAAACTCCACAGCTTTCAATGGAGATGTGACTGCAC	42.260	97.168	0.000	0	0	+
chrIII	5377	5413	ACTCTGTTAGTAAGGAGCCATAGTCGACATCTGTCCA	42.150	100.000	0.000	0	0	+
chrIII	5440	5476	CCCCAAAATACATGGCTGTACCATGTAAAATGAGCGG	42.370	100.000	0.000	0	0	+
chrIII	5550	5586	AATCACGCTGCAACATTGGTGAAGAATCTCAAAAGGT	42.220	100.000	0.000	0	0	+
chrIII	5679	5709	TTTTGGGCACGCTGAACACGCTCAATGTAGT	42.640	100.000	0.000	0	0	+
chrIII	5795	5830	TTTACTGCTGGATTATTGGGTTCACCCGTAGACTGT	42.010	100.000	0.000	0	0	+
chrIII	5831	5867	TGCCGACTCCAAGAAAACTATGATCTCAATACAGGCA	42.080	100.000	0.000	0	0	+
chrIII	5908	5940	TTTTGCGGTACCAAAATCGCATGTTGCACTCAC	42.130	100.000	0.000	0	0	+
chrIII	6025	6061	TGGCATACACTTAGAAAAGTGCTATGACATGACGCCC	42.820	98.070	0.000	0	0	+
chrIII	6150	6186	TCCAGCATCATTTATTGGATAGTAACTCCTCCCGCAC	42.200	100.000	0.000	0	0	+
chrIII	6194	6229	ATCAATGACGCTGACTCTTTTACTGACGCTGAGTCT	42.120	98.799	0.000	0	0	+
chrIII	6230	6259	TTACCGACGCTGAGTCTTTACCGACGCTGA	42.550	100.000	276.235	0	4	+
chrIII	6260	6290	GTCTTTACCGACGCTGAGTCTTTACCGACGC	42.070	100.000	264.086	0	4	+
chrIII	6302	6338	AAAAGTACGACACAGCTATATGCGTCGCAAGTTCAGA	42.450	99.079	0.000	0	0	+
chrIII	6544	6580	TTTCCTCATCTGGCAAGACAACCAAACCATCTTCAGT	42.700	100.000	0.000	0	0	+
chrIII	6581	6617	GAATTCTTCGTGTGTCGCCTTGTCTATTAGTTCCGGG	42.820	100.000	0.000	0	0	+
chrIII	6625	6661	TGAACATTGTAAACGCAAAGAACGGTACCGTACATGC	42.310	100.000	0.000	0	0	+
chrIII	6694	6730	ATCTGTAAGATTCAACCACAGCATCTCTTTCGGGTGA	42.060	100.000	0.000	0	0	+
chrIII	6792	6828	TCGTTTCCAAGGTTCTTGTAGAGTTGGTTAGGCATGG	42.620	100.000	0.000	0	0	+
chrIII	6829	6859	TTTGTGTCCATATGGCACCAGAAACGGAGGC	42.480	100.000	0.000	0	0	+
chrIII	6860	6894	ACCGATAGCAGCGCCTAGCTTTGAAAAGGTATACT	42.260	100.000	0.000	0	0	+
chrIII	6895	6928	GGATGCCGGTTATTACAGCCATCCTACTATGCGT	42.620	100.000	0.000	0	0	+
chrIII	6929	6963	AGTCATGGCTTGCAGTATGACGATCACTGAATTGC	42.080	99.494	0.000	0	0	+
chrIII	6964	7000	TGCATAGGAGACCACTCAAACCCATGATAACAGATGC	42.480	99.878	0.000	0	0	+
chrIII	7001	7033	AGCGATAACACCTTCATGAGACCCAGATCCTCC	42.170	97.401	0.000	0	0	+
chrIII	7047	7076	AAAAGGCCCATGCACACCATCCATGCAGCA	44.830	100.000	0.000	0	0	+
chrIII	7089	7125	ACAGAAAGTTTCAGTTTCCTTGTCTTTGCCACCAACA	42.100	93.101	0.000	0	0	+
chrIII	7127	7163	ACTGTAGAATGGAGATGCAGTAGCAGCAACAAAGTCA	42.320	100.000	0.000	0	0	+
chrIII	7164	7195	GGAAGGTTTACTATCCGAGCAGCCGAAGTGGA	42.640	100.000	0.000	0	0	+
chrIII	7268	7300	AAAAGTAACACCAAGGGGTGCCCAAATTCCACG	42.810	98.787	0.000	0	0	+
chrIII	7313	7349	TTTGAACGGTAGAAGAGGAGATTTGGCAAATTTGGCC	42.280	100.000	0.000	0	0	+
chrIII	7410	7446	GAATTGTGCCACTTCTGTGATGTCTCATTAGCCAACG	42.300	100.000	0.000	0	0	+
chrIII	7447	7478	TCAAAGGGACAAGGATACACCCTAGCGACACA	42.130	100.000	0.000	0	0	+
chrIII	7530	7566	TTCTCAAATAATCCGCCCGTTCTTTCCTTTCTAGCCT	42.280	100.000	0.000	0	0	+
chrIII	7633	7669	TAATTGGCAAGGCAGAGAGTGGGTAAATAAAAGCCCA	42.700	100.000	0.000	0	0	+
chrIII	7750	7786	ATGGCCAATATGAGGCGTACTGGTAAAACATTCTCCA	42.370	100.000	0.000	0	0	+
chrIII	7813	7849	TTAATGTCAGGAGCAGATTTGTTCCGACGTATCCACA	42.150	100.000	0.000	0	0	+
chrIII	7853	7889	ATAGAAAACCGATCCTGCTGCATACATTGTGAGACGG	42.680	98.732	0.000	0	0	+
chrIII	7944	7979	AAAAGCCTTAGTCTTCCGAAGTGGTCAGAGAGTCTG	42.010	100.000	0.000	0	0	+
chrIII	7980	8015	GAGTAGACAACTTGGGATCCGACACTTACAACAGCA	42.300	96.337	0.000	0	0	+
chrIII	8039	8075	TAAGGAGTGTTCTGAATATGAGTTCGTCGCATAGCCC	42.030	99.262	0.000	0	0	+
chrIII	8213	8249	CGATGTCATAGAGTACGTGTCATCGTTTGAGTGACGT	42.040	96.267	0.000	0	0	+
chrIII	8250	8286	TCTCGCTCAATAATCTCACAGGACTGCCTAATTCCAC	42.070	100.000	0.000	0	0	+
chrIII	8295	8330	TTACTTGAGGCACCAACAACACTAGAACTCATCCGA	42.020	100.000	0.000	0	0	+
chrIII	8592	8625	AAAATTGCTGTGACACCCCTTCAATGTGGTGTCT	42.190	100.000	0.000	0	0	+
chrIII	8679	8714	AGTTTCCGAAAATCCACGACGAACCAGTTATACCGA	42.280	97.061	0.000	0	0	+
chrIII	8809	8838	AAAATGCGGTGCCTGTCGACAGGATATGCG	42.870	100.000	0.000	0	0	+
chrIII	8859	8895	AAAATTGAGTACCTAGATCCGGTGGTGTAGGACGAGC	43.070	100.000	0.000	0	0	+
chrIII	9023	9059	AACATGCGAGTAAAAGTAGTGCCACATTTCCTTTGCA	42.180	100.000	0.000	0	0	+
chrIII	9062	9098	AGGTGCAAATTGGTACATATTTAACAGATAGCGCCGC	42.150	100.000	0.000	0	0	+
chrIII	9099	9131	ACCTCATATGCAGCGCGTACATGATACGAGACG	42.760	94.923	0.000	0	0	+
chrIII	9335	9371	TGGAGGAAACTAAGTACTCTTCGCAGCAGGAGATAGA	42.150	99.315	0.000	0	0	+
chrIII	9372	9405	AGAAGCATGTGGTTCAGACGCTTCATTGAATGCT	42.160	100.000	0.000	0	0	+
chrIII	9406	9442	AGAGGTAGCAATGATTCTCCAATGGGACTTTCCTTGT	42.060	100.000	0.000	0	0	+
chrIII	9443	9473	ACCTCTGCCTGGCTTCGTGAACTCTTGTACT	42.500	100.000	0.000	0	0	+
chrIII	9501	9535	AGTGGGAACTATTATTGACGTGGTCGCAGAACAGT	42.280	98.978	0.000	0	0	+
chrIII	9536	9570	TCGGAAACTACTCCAAAACAGGTTGGCTCGTTACA	42.530	100.000	0.000	0	0	+
chrIII	9588	9624	TGCTATTCTGAGTCTCATTTGGGGAAGATTCGCATCT	42.020	100.000	0.000	0	0	+
chrIII	9666	9695	TTTTGAAGCCGGATCCCTAATTGCTGCCCT	42.220	100.000	0.000	0	0	+
chrIII	9711	9747	TATGCTCATTGTCGGTAGAGTTGTTGCTAGTGTTGGG	42.450	100.000	0.000	0	0	+
chrIII	9748	9782	GGAAGCGGACTTCAAACGCTTTGCTTTGTTATTGG	42.140	100.000	0.000	0	0	+
chrIII	9783	9816	TTGTACGATGGTTGGTGAAAGGTCACGTCCATTG	42.020	100.000	0.000	0	0	+
chrIII	9818	9854	TGATTTCCATCCTAAGTTGTGCATTTGCTGTAGCTGC	42.280	100.000	0.000	0	0	+
chrIII	9856	9891	ATCGTTGGTCCTATAATCGGAGGTGCCTTTACAACC	42.360	99.400	0.000	0	0	+
chrIII	10088	10124	TCTTCAAGTTTGACTTCTTTGGTTTTGCCCTCTGCTC	42.140	99.623	0.000	0	0	+
chrIII	10125	10154	TGCAGGGCTGGTCCTTTTCCTACTGGGGCT	46.140	99.626	0.000	0	0	+
chrIII	10175	10211	ATAGTTGGAACTCTGGCCAAGTCATCGCATATTTGGT	42.490	100.000	0.000	0	0	+
chrIII	10271	10307	TCAACCCGGAACCTGATAATATATCCTACAGGCCTCT	42.130	98.720	0.000	0	0	+
chrIII	10375	10411	ACCGGTTACAATGGGCAAATGATATACTCTGTCCAGT	42.040	100.000	0.000	0	0	+
chrIII	10413	10449	TTTCCAACTTATATTTGCGTCGAGTGCATGGAAAGCC	42.360	100.000	0.000	0	0	+
chrIII	10463	10499	TACCAATCGTTATTACCAACGTTATTGCGGCCATTGC	42.390	100.000	0.000	0	0	+
chrIII	10544	10580	TAATATTTGGAGGCGTTCTTGGGGTAATTGGAGCAGG	42.700	100.000	0.000	0	0	+
chrIII	10603	10637	ACGTCCACGAAGTCAACTCAAATTGGTGTTTTGCT	42.350	98.778	0.000	0	0	+
chrIII	10638	10673	ATTACCGGGGTTTTCCCTTGGATTTGCTCTACAAGC	43.220	100.000	0.000	0	0	+
chrIII	10675	10711	TCGCTCATGAGTGCACAGCTTCAAATTACCAAAGATC	42.020	100.000	0.000	0	0	+
chrIII	10760	10796	TCATGAAGTCATTAGGTACAACTCTTGGTGGTGTGCT	42.030	100.000	0.000	0	0	+
chrIII	10810	10844	TTTTCCGCCTCCTTTCACAACAAAGTATCACGAGC	42.260	98.617	0.000	0	0	+
chrIII	11496	11532	TCGTCATTCAAACTTGTATTAGACGAGGGACGGAGTG	42.020	100.000	0.000	0	0	+
chrIII	11556	11592	TTGTGGGATAGGATAGTAGCAACTCTTGGAGGAGAGC	42.600	100.000	0.000	0	0	+
chrIII	11645	11677	GGGGATGGCTTTTGCCATTTGTGAGAGTTGTGC	43.510	100.000	0.000	0	0	+
chrIII	11745	11781	GTAAATCGTCCTGTCCCATTACGAGCTGTAGTAGTGC	42.240	99.846	0.000	0	0	+
chrIII	11842	11878	TTCCTGAGTTGCATGTTGGATTGAGTTTACGAAGGGT	42.650	100.000	0.000	0	0	+
chrIII	11881	11910	CCAGACGGCCAGAAACCTCCAGGCGGAGTT	46.560	99.010	0.000	0	0	+
chrIII	11911	11947	AACAACTAGTAATACGGCATCCATGTTTGCATCAGCG	42.070	100.000	0.000	0	0	+
chrIII	11948	11984	CCGAGCCTATACCAGTCACTGAGTAGACGTTTTCTTG	42.040	99.355	0.000	0	0	+
chrIII	12016	12045	GGGGCATTCTCTAGAGACACAGGCAGTTGC	42.200	99.248	0.000	0	0	+
chrIII	12046	12075	TTCCAGCAACTGCCGTACGGCCGTTCTCAT	45.150	100.000	0.000	0	0	+
chrIII	12179	12215	TTAACTCTTCTTGAGACAATTTGGCCCTGGATAGCGA	42.090	100.000	0.000	0	0	+
chrIII	12216	12249	AGCGTGCGGTTACAAATAGGTCGTCTTGTTCAAG	42.100	100.000	0.000	0	0	+
chrIII	12377	12410	TTTTCGGGCTCATTCTTTCTTCTTTGCCAGAGGC	42.500	98.982	0.000	0	0	+
chrIII	12411	12440	TCACCGCTCAAGAGGTCCGCTAATTCTGGA	42.480	100.000	0.000	0	0	+
chrIII	12534	12570	AGGCCCTTGGTATCTAGATATGGGTTCTCGATGTTCT	42.260	100.000	0.000	0	0	+
chrIII	12654	12690	TCTTGAGTTACCACATTAAATACCAACCCATCCGCCG	42.710	100.000	0.000	0	0	+
chrIII	13130	13166	TCTGGGTTTTGTTTGGGATGCAATTTATTGCTTCCCA	42.410	100.000	0.000	0	0	+
chrIII	13368	13398	AAAACGTCTAGCTGAGCATGTGAGGCCAAGC	42.560	100.000	0.000	0	0	+
chrIII	13571	13607	TGGCTTTTAGAGCATATTACTCACAGTTTGGCTCCGG	42.700	100.000	0.000	0	0	+
chrIII	13615	13651	CAAAATGTCTTGTCTTCTCTGCTCGCTGAAGAATGGC	42.420	98.080	0.000	0	0	+
chrIII	13652	13681	ACGCGGACAAAATGCAGCACGGAATATGGG	43.280	100.000	0.000	0	0	+
chrIII	13750	13786	TATGCTGAAGTACGTGGTGACGGATATTGGGAAGATG	42.070	100.000	0.000	0	0	+
chrIII	13787	13823	TGTTTGTACATTTGGCCTTATAGAGTGTGGTCGTGGC	42.920	100.000	0.000	0	0	+
chrIII	13869	13905	TCCTATTTGAAACTCCCCATCGTCTTGCTCTTGTTCC	42.530	100.000	0.000	0	0	+
chrIII	14145	14181	GTATACTAAGCCTTGGGAAAATGCGTGTTCCTTGTGC	42.370	100.000	0.000	0	0	+
chrIII	14533	14569	ACGATGCTTATTGTGCTTTGTTGGGTGTTTGACTTCT	42.160	100.000	0.000	0	0	+
chrIII	14571	14607	TGTTAACTTACTTCAACATGAAAGCCCGACGTTTGCA	42.040	99.138	0.000	0	0	+
chrIII	14701	14734	TTTTATATTTTCGCCGGAGGTGCTGGAAATGGCA	42.280	100.000	0.000	0	0	+
