chrI	1	30	CCACACCACACCCACACACCCACACACCAC	46.060	94.250	333.507	0	1.000	15	+
chrI	31	60	ACCACACACCACACCACACCCACACACACA	45.310	97.141	84.402	0	1.000	15	+
chrI	63	99	TCCTAACACTACCCTAACACAGCCCTAATCTAACCCT	42.010	96.106	0.000	0	0.460	2	+
chrI	100	133	GGCCAACCTGTCTCTCAACTTACCCTCCATTACC	42.710	100.000	80.582	0	0.398	2	+
chrI	134	163	CTGCCTCCACTCGTTACCCTGTCCCATTCA	42.920	100.000	0.000	0	0.500	2	+
chrI	164	193	ACCATACCACTCCGAACCACCATCCATCCC	42.920	98.706	90.569	0	0.532	0	+
chrI	194	227	TCTACTTACTACCACTCACCCACCGTTACCCTCC	42.570	97.840	0.000	0	0.445	0	+
chrI	228	261	AATTACCCATATCCAACCCACTGCCACTTACCCT	42.270	100.000	0.000	0	0.490	0	+
chrI	262	296	ACCATTACCCTACCATCCACCATGACCTACTCACC	43.050	100.000	62.111	0	0.369	2	+
chrI	346	382	TAACACACACGTGCTTACCCTACCACTTTATACCACC	42.120	100.000	40.151	0	0.262	2	+
chrI	399	435	ACCCTCACTTGTATACTGATTTTACGTACGCACACGG	42.330	100.000	0.000	0	0.251	0	+
chrI	460	496	ACTTACCCTACTCTCAGATTCCACTTCACTCCATGGC	42.870	100.000	0.000	0	0.329	0	+
chrI	510	546	AATCAGTACCAAATGCACTCACATCATTATGCACGGC	42.290	100.000	92.773	0	0.190	3	+
chrI	547	576	ACTTGCCTCAGCGGTCTATACCCTGTGCCA	44.260	99.596	289.019	0	0.321	4	+
chrI	619	655	ATCTCATTCGGCGGTCCCAAATATTGTATAACTGCCC	42.710	99.619	56.098	0	0.215	4	+
chrI	950	986	ATTCACCGAGCAATAATACGGTAGTGGCTCAAACTCA	42.190	100.000	80.473	0	0.145	2	+
chrI	1194	1230	TCAGCGGCGTATACTAAAACGGACGTTACGATATTGT	42.030	97.598	93.045	0	0.184	2	+
chrI	1371	1407	ATGAGAGTTTGGTACCATGACTTGTAACTCGCACTGC	42.700	98.334	52.393	0	0.196	2	+
chrI	1424	1460	GTTCTTAGAAGTGACGCATATTCTATACGGCCCGACG	42.380	100.000	87.504	0	0.211	2	+
chrI	1501	1537	TTATTTAAGGACAAAGGTTGCGAAGCCGCACATTTCC	42.660	100.000	0.000	0	0.077	0	+
chrI	1774	1808	ATGGAAACCCGTTCGTAAAATTGGCGTTTGTCTCT	42.160	100.000	0.000	0	0.187	0	+
chrI	1812	1848	TTGCGATAGTGTAGATACCGTCCTTGGATAGAGCACT	42.340	100.000	100.000	0	0.227	2	+
chrI	1849	1881	GGAGATGGCTGGCTTTAATCTGCTGGAGTACCA	42.720	98.904	98.904	0	0.283	2	+
chrI	1882	1913	TGGAACACCGGTGATCATTCTGGTCACTTGGT	42.840	100.000	100.000	0	0.173	2	+
chrI	1914	1944	CTGGAGCAATACCGGTCAACATGGTGGTGAA	42.090	100.000	0.000	0	0.133	0	+
chrI	1945	1978	GTCACCGTAGTTGAAAACGGCTTCAGCAACTTCG	42.810	100.000	100.000	0	0.116	2	+
chrI	1979	2008	ACTGGGTAGGTTTCAGTTGGGTGGGCGGCT	46.380	100.000	100.000	0	0.496	2	+
chrI	2023	2059	TTGGGCTAAGTGAGCTCTGATATCAGAGACGTAGACA	42.140	99.314	94.573	0	0.130	2	+
chrI	2061	2097	CCAATTCCACCAAGTTGACTCTTTCGTCAGATTGAGC	42.140	99.947	99.947	0	0.178	2	+
chrI	2098	2128	TAGAGTGGTGGTTGCAGAAGCAGTAGCAGCG	43.340	99.643	0.000	0	0.219	2	+
chrI	2129	2158	ATGGCAGCGACACCAGCGGCGATTGAAGTT	45.920	100.000	95.698	0	0.199	0	+
chrI	2253	2289	AAGCAGCTCTATTTATACCCATTCCCTCATGGGTTGT	42.020	100.000	0.000	0	0.087	2	+
chrI	2290	2323	TGCTATTTAAACGATCGCTGACTGGCACCAGTTC	42.060	99.760	0.000	0	0.192	0	+
chrI	2434	2470	ACTGTTTTATGGCGCTTATGTGTATTCGTATGCGCAG	42.170	100.000	0.000	0	0.288	2	+
chrI	2471	2502	AATGTGGGAATGCCAATTATAGGGGTGCCGAG	42.110	100.000	0.000	0	0.244	0	+
chrI	2575	2611	TTTGGACCCTCGTACAGAAGCTTATTGTCTAAGCCTG	42.170	100.000	0.000	0	0.152	0	+
chrI	2612	2642	AATTCAGTCTGCTTTAAACGGCTTCCGCGGA	42.340	100.000	0.000	0	0.223	0	+
chrI	2678	2713	AAACGTGTGTTGGGAGTCGTATACTGTTAGGGTCTG	42.120	100.000	0.000	0	0.191	0	+
chrI	2714	2747	TAAACTTGTGAACTCTCGGCAAATGCCTTGGTGC	42.730	100.000	0.000	0	0.157	0	+
chrI	2751	2787	TACGTAATTTTAGCCGCTGAGAAGCGGATGGTAATGA	42.190	100.000	0.000	0	0.008	0	+
chrI	2968	3004	TATTAAAGTTCCGCACAAAGAACGCTTGGAAATCGCA	42.250	100.000	0.000	0	0.167	0	+
chrI	3054	3089	AGCCGTTCATTTCCCTTCCGATTTCATTCCTAGACT	42.230	100.000	0.000	0	0.397	0	+
chrI	3348	3384	TTTAGAATCTCCCATGTCAACGGGTTTCCATACCTCC	42.170	100.000	0.000	0	0.165	0	+
chrI	3413	3449	ACTTCAAATGCCTCTTTTATGCAAGGGGCAAAATCCT	42.290	100.000	0.000	0	0.131	0	+
chrI	3589	3625	TAGGTTTGTTGAAACAACTTTCCGATCATTGGTGCCC	42.360	100.000	0.000	0	0.138	0	+
chrI	3756	3792	AGTAAACCCACTTGCTGGACATTATCCAGTAAAGGCT	42.180	100.000	0.000	0	0.126	0	+
chrI	3812	3847	ACCCAGGTACGAAACGCTAAGAACTTGAAAGACTCA	42.110	96.449	0.000	0	0.182	0	+
chrI	4048	4084	CAAATGTGTCTATTTTGTGATGAGGCAACCGTCGACA	42.090	100.000	0.000	0	0.179	0	+
chrI	4251	4287	CTGTATTCAATGGTCTACGAATCGTCAATCGCTTGCG	42.060	97.843	0.000	0	0.148	0	+
chrI	4291	4326	ATGGCACGAAGAACAATGCAATAGCTCTTACAAGCC	42.340	100.000	0.000	0	0.127	0	+
chrI	4798	4834	AATTTGTGAACCCGACCTTACCGAGAAATGATGAGCT	42.530	98.339	0.000	0	0.226	0	+
chrI	4838	4873	TTTTATAGGTCGACCCTTCTGTCGCTTACTGGGTTG	42.220	100.000	0.000	0	0.196	0	+
chrI	4926	4960	AAAAGTGCATCAACATTCCCAGCCAGAAAATGCAC	42.020	100.000	0.000	0	0.246	0	+
chrI	5136	5172	AGCCATCTTAATTTCAATTTCATGCCCTCCTTCACCG	42.090	100.000	0.000	0	0.318	0	+
chrI	5686	5722	CTTACAAAGGGCAGACAACTTGAGAACTTTCATGCGT	42.100	100.000	0.000	0	0.169	0	+
chrI	5815	5850	CCCCGTTGTCCTTGTTTGCCTTACTGTATAAAGCAC	42.270	100.000	0.000	0	0.385	0	+
chrI	5925	5961	AGGCATCGCCGTATTTACTACTTTGTAAACCAGTGGA	42.180	100.000	0.000	0	0.139	0	+
chrI	6009	6044	ACTTCTGAGACGTGCAGATGTGATATTCGGGTTTGA	42.200	100.000	0.000	0	0.250	0	+
chrI	6045	6074	GCTTGTAGTCAACGAAGCGGGTTCATGGGC	43.170	100.000	0.000	0	0.270	0	+
chrI	6425	6461	TCTTAAATAACCCGGATTGGTTAGGTTCAGCCATGCC	42.840	100.000	0.000	0	0.151	0	+
chrI	6462	6492	TGGCGCGTACATTGAGGCATTAGAAGATCCG	42.060	99.558	0.000	0	0.340	0	+
chrI	6544	6580	TTCCATCAGCTCAATACCGCAGTACTTTGAAACCTGA	42.330	100.000	0.000	0	0.218	0	+
chrI	7256	7292	TAAGGTTTCAACGTCTTTTGACGTTGGCTTTTCCACA	42.160	99.559	0.000	0	0.028	0	+
chrI	7310	7346	AAGCACAATACCGTTCTTCTTGGCATTGTTCCTTTCA	42.050	100.000	0.000	0	0.256	0	+
chrI	7406	7442	TGCAGTGAAAGTAAACCCCTTTAAATACCTGGGAGCT	42.320	100.000	0.000	0	0.197	0	+
chrI	7458	7494	ACCAAAACACTTATCCATGCGGTAGATGATTGAGCCA	42.620	100.000	0.000	0	0.184	0	+
chrI	7520	7554	AGCTCTAGTTTGAGCATCTCGGCGACAAATATCGT	42.310	100.000	0.000	0	0.179	0	+
chrI	7555	7591	TTTGCCAAGAGTATAAAACAGGAGCCATAGCCCAACC	42.970	98.681	0.000	0	0.236	0	+
chrI	7594	7630	AACATTGCAGCATAAATGCAAACCATTTGGCTCCTTC	42.100	100.000	0.000	0	0.088	0	+
chrI	7631	7660	TGCGACGTCCCAAGCGGCTAATATGGAGTT	43.250	99.295	0.000	0	0.314	0	+
chrI	8024	8060	AATAGAATAACAGTTGTATGGGTCACCTGGCAGGGAG	42.060	100.000	0.000	0	0.143	0	+
chrI	8063	8099	AAATCCAATAAGGCCCACTACGACAGACACAATAGCG	42.670	100.000	0.000	0	0.242	0	+
chrI	8145	8181	TTTAACGATGAATATACGGCTGACTGGATCCCACCAG	42.130	99.016	0.000	0	0.221	0	+
chrI	8225	8261	ACGACGCACCATTTCATCATGTTTGTAAAAGGAACCA	42.160	98.575	0.000	0	0.134	0	+
chrI	8268	8304	TATTGGTATGCCAAATAACTTGGCGCTTCAAAAGCCC	42.670	100.000	0.000	0	0.089	0	+
chrI	8327	8363	CAAGTGTGGTACAGAATTGACATATGCAGCACCAACG	42.430	98.942	0.000	0	0.143	0	+
chrI	8370	8406	AGCGACCAACATAAGTCGAGGCTTGGTAAAACATAGT	42.310	100.000	0.000	0	0.156	0	+
chrI	8505	8541	AAGCCTAAATCTTCCTTCATTCCCGAAACGTAAGCGT	42.640	100.000	0.000	0	0.166	0	+
chrI	8722	8755	AAAATCTCCACCATGGCCTATCGGCTTCATCTCT	42.370	99.983	0.000	0	0.219	0	+
chrI	8904	8940	TCTGTTGAATTTAAGTCATCTGGCAGGTCTTCCACCT	42.100	100.000	0.000	0	0.157	0	+
chrI	9154	9190	ATATCCTCATCTAAACGCATGTCTCCGCTTGGTTTCT	42.130	100.000	0.000	0	0.241	0	+
chrI	9191	9227	TATCTATTTGTGGAGGCACCCGTAGTACTGTGCTTTC	42.040	100.000	0.000	0	0.189	0	+
chrI	9314	9350	ATTACATTGGACCATCGGAAAACTGCGCTAACTTTGG	42.240	100.000	0.000	0	0.228	0	+
chrI	9353	9389	AACGCCACAGAACGTGATCTGACTATTGTAAAGGTGT	42.360	99.043	0.000	0	0.118	0	+
chrI	9390	9423	CATTCGGTAAGGTAAACCTTCAAGGCGTCCACAC	42.210	99.246	0.000	0	0.153	0	+
chrI	9684	9720	TTAGTTATGCATTGTGAGTTGGTTGCTCTACTCGCGG	42.840	100.000	0.000	0	0.317	0	+
chrI	9977	10012	ACTTTGCATCTTGGCTGCAAAGAAGAATGAATCGGA	42.190	95.999	0.000	0	0.104	0	+
chrI	10457	10493	AGAGCTCTTGATTGTCGGAATAGTTCGGGAATTCTGG	42.230	100.000	0.000	0	0.218	0	+
chrI	10798	10834	TAAGCTCCTCCCATGGTCTAAGAGTTTCTCCAAACGC	43.410	100.000	0.000	0	0.149	0	+
chrI	10908	10943	ATTCCATGTAGAAATGACCTGCAAGTACGAGCTGGT	42.330	100.000	0.000	0	0.207	0	+
chrI	11545	11581	TATAAGATGATGCCGTGCGTTTACCATACGATTGCCA	42.550	100.000	0.000	0	0.227	0	+
chrI	11609	11644	TGCCATTATTGGTCAACAGACCATTGGCAATACCAA	42.010	100.000	0.000	0	0.099	0	+
chrI	11676	11712	AGATCCTATTATGCTACTTGCTGGTGTGCTACGAGGC	43.320	100.000	0.000	0	0.260	0	+
chrI	11727	11763	ACTTAACCCGGAAGTTATTAGACTCTTGGTGTTGCCA	42.040	100.000	0.000	0	0.159	0	+
chrI	11767	11803	TCGGATACAGAAACAACACTACTGCTGTGACCAATCA	42.080	98.928	0.000	0	0.170	0	+
chrI	11804	11833	CATCGGTCGCGGAAGCCGTCTGTGTTTCAG	44.380	99.556	0.000	0	0.203	0	+
chrI	11850	11886	AATTGAAGAGGTGACTACTGTTTTCGTCTCAGCAGCT	42.230	100.000	0.000	0	0.168	0	+
chrI	11887	11918	CCAGTACTGGTAGTTGTCTCAGCAGCTCCAGT	42.230	100.000	0.000	0	0.254	0	+
chrI	11953	11989	TTAGAGCTGACAGACTCTTCATTCGTAGTCTGTGGCC	42.960	100.000	0.000	0	0.137	0	+
chrI	11997	12033	TGGATAGACCGTAACAACATCATTCACAGTAGCCGTG	42.270	99.761	0.000	0	0.218	0	+
chrI	12034	12063	GCCGTCGAAACAATGGCAGGTGAAGCAGTT	43.330	100.000	0.000	0	0.309	0	+
chrI	12064	12096	TCGGAACACACACCAGATTCGCAGGAAGTAACA	42.720	95.194	0.000	0	0.225	0	+
chrI	12097	12133	GTAACTAGCGTAGTTTGTTGCCTCGATTCTGTGGTGG	42.930	100.000	0.000	0	0.223	0	+
chrI	12134	12170	AAATAGGACACCATGTCGTGTATTCTGTGGTAACGCC	42.610	99.924	0.000	0	0.130	0	+
chrI	12180	12215	AGCAGTGCTTATAGATACAATGGCTGGAGAAGCAGT	42.100	100.000	0.000	0	0.170	0	+
chrI	12247	12283	ATTGTAACTACTGTGGTTTGCTCTGTTGTCCCCTTGG	42.800	100.000	0.000	0	0.274	0	+
chrI	12326	12362	TAGAAATAGGGCACCATGTGGTATACTCTGTTGTGGC	42.160	98.453	0.000	0	0.110	0	+
chrI	12363	12392	ACCGCTAACAGTAACGGTGGCCGTGGAAAC	43.980	99.738	0.000	0	0.135	0	+
chrI	12393	12428	AATTGCAGAGGAGATGGATTCAGTGCACACATGAGA	42.530	99.608	0.000	0	0.218	0	+
chrI	12429	12460	TTCGCAGGATGTCACGGTAACCAAAGTGGTTT	42.050	100.000	0.000	0	0.064	0	+
chrI	12474	12510	TGTAGTGGTAGCAGGTGGTAATGAAGAAGCAGTTTCC	42.330	100.000	0.000	0	0.265	3	+
chrI	12542	12578	ATGATGAAGTAATTTCCTGACTTGCTGTCGCACTGGT	42.650	100.000	47.432	0	0.091	5	+
chrI	12696	12731	AATTTCCTGACTTGTTGTTGCACTGGTAACAGGTGG	42.250	100.000	260.005	0	0.108	4	+
chrI	12765	12801	ACTGGTAACAGGTGGTAATGATGAAGCAGTTTCCTGG	42.560	100.000	172.187	0	0.082	5	+
chrI	12896	12932	TAGCTGAACTAGTTTCGCTCTCAGAAGAACCAGAGGT	42.520	100.000	0.000	0	0.138	0	+
chrI	13200	13236	TTCTGAAGAAGATGATGACAAACTGGATGAGGTGGCA	42.240	100.000	0.000	0	0.175	0	+
chrI	13251	13284	AGCAACAATAACGGTTTCGTCAGTTGGTTGACCA	42.150	100.000	0.000	0	0.126	0	+
chrI	13287	13322	AGTGCCAGTGACAGTAGTCATCTCAGTAGAAGTCGA	42.240	100.000	0.000	0	0.138	0	+
chrI	13332	13368	TGCGATGGTGCTAGTAGTATGTTTTGAAGGATCAGGG	42.260	100.000	0.000	0	0.271	0	+
chrI	13378	13414	TTGGGCTGTTAGGTCATCGTCAAAAGAGTAAACGTGC	43.090	99.975	0.000	0	0.339	0	+
chrI	13424	13460	TCATCGCTAACAGTAGTAACATCAGGCAATTCCACGC	42.740	100.000	0.000	0	0.195	0	+
chrI	13461	13494	TAACTGGCAGTGTATGCCAAGAAACAGCGTTTGA	42.050	100.000	0.000	0	0.052	0	+
chrI	13525	13561	AGCATACATATACACAGTCCCTGCAATGTTATCGGGC	42.520	100.000	0.000	0	0.200	0	+
chrI	13597	13633	AAAGTTTGTGGATGTAATTGGAGGTTGCTCTTGTGCA	42.080	100.000	0.000	0	0.212	0	+
chrI	13634	13663	CAGCATCCGAATGCAACGTCGCCACCGACT	45.910	100.000	0.000	0	0.171	0	+
chrI	13667	13703	AGAATTGCAGAGTCATCGACCTTAGCAAACCTGAACG	42.840	98.172	0.000	0	0.212	0	+
chrI	13818	13854	TTGAACATTCACTATGACCTCTGCATCCCCAGTTTCC	42.600	98.985	0.000	0	0.218	0	+
chrI	13905	13941	AAAGATCGTAGTCAATTGAGAAATCCGTCTGTCCGCC	42.570	100.000	0.000	0	0.122	0	+
chrI	13943	13979	ACGGAACCTAATTCCAATTCGAGGCATATCCAGAAGT	42.030	100.000	0.000	0	0.174	0	+
chrI	14047	14076	TTTTCCTCGGGTCCGTTGGCAAGCATGCTT	44.400	100.000	0.000	0	0.279	0	+
chrI	14077	14109	GTGTACTTCCTGAAACAACATTGGACGTGGCCA	42.290	100.000	0.000	0	0.253	0	+
chrI	14139	14175	TGATGAGGCATTTCTTGGTTCGTCAATCAGGTATGGG	42.770	100.000	0.000	0	0.243	0	+
chrI	14266	14302	TTTCGATCAGATGTATGCGCAACGATTTGTTTAGCGT	42.080	100.000	0.000	0	0.138	0	+
chrI	14361	14397	TTTTGTCGCTGATATCTGCACATGTGAGTAACGCAGA	42.660	100.000	0.000	0	0.206	0	+
chrI	14398	14434	TTCCATTGCATTATTACCTTCCCCTTCCCAGAAACGA	42.380	100.000	0.000	0	0.330	0	+
chrI	14470	14505	AAAAGGTTACAACCGCATTTTGCGTTTAGGTGCAGC	43.430	100.000	0.000	0	0.078	0	+
chrI	14506	14540	GAGACTTACCTTGATGCAGTCCTAAAGGGTCCTGC	42.560	100.000	0.000	0	0.209	0	+
chrI	14551	14587	ACGAATCCTATTTGCTTTTGTGCATTCCTAAACGGGC	42.570	100.000	0.000	0	0.217	0	+
chrI	14599	14635	TCTTGAGGAACTCCAGGAGAAGATACGATAAGCTCCG	42.460	100.000	0.000	0	0.080	0	+
chrI	14728	14764	TGACGTCGTCTGTTGTACTACTTCTTTATCGGTGTGC	42.190	100.000	0.000	0	0.287	0	+
chrI	14818	14851	AAAATCTCGTGAGACCTCCGGAATTTTGACGCTG	42.030	98.830	0.000	0	0.186	0	+
chrII	1	32	AAATAGCCCTCATGTACGTCTCCTCCAAGCCC	42.630	100.000	0.000	0	0.472	0	+
chrII	33	69	TGTTGTCTCTTACCCGGATGTTCAACCAAAAGCTACT	42.300	100.000	0.000	0	0.302	0	+
chrII	109	144	TTTTATCCCACTTCTTCGCACTTGTCTCTCGCTACT	42.010	100.000	0.000	0	0.399	0	+
chrII	267	303	ACAACAATTTCCTTCACTCTCCAACTTCTCTGCTCGA	42.240	100.000	0.000	0	0.244	0	+
chrII	325	361	ATCAAATCTACCGTCTGGAACATCATCGCTATCCAGC	42.290	100.000	0.000	0	0.148	0	+
chrII	362	396	TCTTTGTGAACCGCTACCATCAGCATGTACAGTGG	42.940	100.000	0.000	0	0.214	0	+
chrII	397	430	TACCCTCGTGTTATCTGCAGCGAGAACTTCAACG	42.720	97.581	0.000	0	0.273	0	+
chrII	431	467	TTTGCCAAATCAAGCCAATGTGGTAACAACCACATCT	42.460	100.000	0.000	0	0.069	0	+
chrII	468	504	CCGAAATCTGCTCCAAAAGATATTCCAGTTTCTGCCG	42.240	99.651	0.000	0	0.113	0	+
chrII	513	549	TATTGTAGAACAGCCCTATCAGCATCGACAGGAATGC	42.290	100.000	0.000	0	0.139	0	+
chrII	550	580	CGTCCAATGCGGCACTTTAGATGGGGTAACT	42.110	100.000	0.000	0	0.237	0	+
chrII	581	610	CCCAGCGCAAGCTGATCTCGCAAGTGCATT	44.850	98.585	0.000	0	0.025	0	+
chrII	620	656	AATTCATATCTGCTCCTCAACTGTCGATGATGCCTGC	42.760	100.000	0.000	0	0.296	0	+
chrII	657	686	TAAACTGCAGCTTGACGTACTGCGGACCCT	43.120	98.864	0.000	0	0.297	0	+
chrII	687	716	GCAGTCCAGCGCTCGTCATGGAACGCAAAC	45.130	100.000	0.000	0	0.251	0	+
chrII	722	756	AAAACTCCAACTTTCTCGAGCGCTTCCACAAAGAC	42.340	96.021	0.000	0	0.221	0	+
chrII	757	787	CGTATCGTCTTTTGCCTCCCATTCTTCCCGG	42.250	99.752	0.000	0	0.539	0	+
chrII	810	844	AAAAGTACTGCAGCACCTCTGTCTTCGATTCACGC	43.280	100.000	0.000	0	0.219	0	+
chrII	863	899	TAATACAACTCTTTGATCTGCCTTCCAGACATGCGGA	42.080	100.000	0.000	0	0.144	0	+
chrII	900	929	AAACTTGGCTCCCTTGCTTGCCTCTTGTCG	42.880	100.000	0.000	0	0.439	0	+
chrII	1033	1069	TTTCAAATATCCTACAGGGTCCCCATGATATGGCTCG	42.010	99.392	0.000	0	0.145	0	+
chrII	1089	1125	TGTATTCCTCATCATTTCGCAGCATTCTCTCCACAGC	42.850	98.723	0.000	0	0.224	0	+
chrII	1127	1163	AGTGCTTCCCAAGCTATCCTCCGATACGATACTTTCT	42.570	100.000	0.000	0	0.147	0	+
chrII	1164	1194	GGCCAGCCCAACAGACACAGAGCCCGAACAT	46.910	100.000	0.000	0	0.426	0	+
chrII	1201	1237	ACAGCCCTTGCATAATCCGTATTGTGTGAATACTCCC	42.640	100.000	0.000	0	0.202	0	+
chrII	1361	1397	TTTCTCTCTAGGAAAACCATTTGACTCCCTTTCCGCT	42.080	100.000	0.000	0	0.183	0	+
chrII	1418	1454	TCGGTGACTGGATGGAATCTATTATCCTCAGCATTGC	42.210	100.000	0.000	0	0.150	0	+
chrII	1455	1486	CATCTTTATTGGCGTCCTCCTTGGCACTAGCG	42.340	100.000	0.000	0	0.270	0	+
chrII	1487	1521	TTGGTACTTTCAGTGGTAGTGGCATTAGTGCTGGA	42.210	99.936	163.065	0	0.288	8	+
chrII	1522	1553	GTTGGTGCTAGCAGTGGTAGTGGCATTAGTGC	42.480	98.731	0.000	0	0.403	2	+
chrII	1554	1584	TGGAGTTGGTGCTAGCAGTGGTAGTAGCACT	42.190	100.000	85.402	0	0.260	2	+
chrII	1585	1617	AGTGTTGGAGTCGGTACTTTCGGTGGTAGTAGC	42.210	100.000	100.000	0	0.354	2	+
chrII	1618	1653	ACTAGTGTTGGAGTTGGTACTTTCAGTGGTAGTCGC	42.100	100.000	521.540	0	0.257	8	+
chrII	1654	1689	ACTAGTCCTGACGTTGATGCTAGCAGTGGTAGTAGC	42.930	100.000	573.031	0	0.324	7	+
chrII	1690	1726	ATTAGTGTTGGAGTCGGTACTTTCGGTGGTAGTAGCA	42.680	100.000	100.000	0	0.301	2	+
chrII	1781	1817	CTTTCAGTGGTAGTAGCACTAGTCCTGACGTTGATGC	42.340	98.394	804.252	0	0.213	10	+
chrII	1818	1849	TGGCAGTGGTAGTAGCACTAGTCCTGACGTTG	42.320	100.000	329.426	0	0.246	10	+
chrII	1850	1880	GTGCTGGCAGTGGTAGTAGCACTAGTCCTGA	42.330	98.433	145.883	0	0.249	8	+
chrII	1881	1912	CGTTGGTGCTGGCAGTGGTAGTAGCATTAGTG	42.240	99.953	617.941	0	0.399	9	+
chrII	1913	1948	CTGGAGTTGGTAGTCGCATTGGTAGTAGCACTAGTC	42.020	100.000	53.777	0	0.299	3	+
chrII	1949	1978	CTGACGTTGGTGCTGGCAGTGGTAGTAGCA	43.470	99.256	666.337	0	0.371	8	+
chrII	1979	2012	TTAGTGCTGGAGTTGGTAGTCGCATTGGTACTGG	42.570	100.000	191.423	0	0.380	6	+
chrII	2015	2051	TTAGTGTTGGAGTTGGTACTTTCAGTGGTAGTCGCAC	42.300	100.000	545.218	0	0.264	8	+
chrII	2052	2082	TAGTCCTGACGTTGATGCTGGCAGTGGTAGT	42.340	100.000	863.248	0	0.408	7	+
chrII	2083	2119	AGCATTAGTGCTGGAGTTGGTACTTTCAGTGGTAGTC	42.150	100.000	547.771	0	0.173	8	+
chrII	2120	2149	GCACTAGTCCTGACGTTGATGCTGGCAGTG	42.570	96.363	837.794	0	0.373	10	+
chrII	2155	2191	AGCATTAGTGCTGGAGTTGGTACTTTCAGTGGTAGTC	42.150	100.000	547.771	0	0.173	8	+
chrII	2192	2221	GCACTAGTCCTGACGTTGATGCTGGCAGTG	42.570	96.363	837.794	0	0.373	10	+
chrII	2267	2303	TTAGTGTTGGAGTTGGTACTTTCAGTGGTAGTCGCAC	42.300	100.000	545.218	0	0.264	8	+
chrII	2304	2334	TAGTCCTGACGTTGATGCTGGCAGTGGTAGT	42.340	100.000	863.248	0	0.408	7	+
chrII	2335	2364	CGCACTAGTCCTGACGTTGATGCTGGCAGT	43.630	98.616	583.160	0	0.374	10	+
chrII	2365	2398	GGTAGTAGCATTAGTGCTGGAGTTGGTAGTCGCA	42.230	97.743	373.759	0	0.267	8	+
chrII	2399	2432	TTGGTACTGGCATTAGCACTACCATGAATGCACG	42.020	100.000	0.000	0	0.219	0	+
chrII	2433	2466	TGTCGCTGTCCTCATCACTGCTGCAATACTTTCT	42.720	100.000	0.000	0	0.286	0	+
chrII	2467	2497	GCACCTGTCACTGCTATTGCTCTCCTGGAAG	42.060	100.000	0.000	0	0.356	0	+
chrII	2498	2529	CTAGACGGTAACGCAACGATCGACATGGAAGC	42.100	100.000	0.000	0	0.125	0	+
chrII	2530	2565	TGTCGCCTGATTTTCAGCCAATCTGTCCATTCTTTC	42.170	100.000	0.000	0	0.214	0	+
chrII	2566	2599	TATCAGTTCCACTGTGTCAGCAGACAGGTCTGTC	42.150	95.252	0.000	0	0.091	0	+
chrII	2600	2629	CTGGAGCCACAGCATCCAACATGCTGGCCC	46.370	97.981	0.000	0	0.104	0	+
chrII	2643	2679	TTTGATTCAAGTCCATAGAACTCGCGTACCTGTTCGG	42.500	99.881	0.000	0	0.227	0	+
chrII	2683	2719	TACAGCCTTCCTTAATCGGTGGTAATTCACCCTTACG	42.070	100.000	0.000	0	0.218	0	+
chrII	2767	2800	CCCCATCTCTTAGTCTCCCTACGCCTTGAATGAG	42.070	97.167	0.000	0	0.364	0	+
chrII	2870	2906	CACTAATTTCGTTCCGATGAGAACTTGCATGCTACCG	42.100	100.000	0.000	0	0.187	0	+
chrII	2907	2942	TCAGTGACAAACTCCTTTGTGCGAGACACCTTTTCT	42.710	96.243	0.000	0	0.102	0	+
chrII	2943	2972	GCAGCACCCAAGCTTCCCGTGTATCCATAC	42.610	99.492	0.000	0	0.285	0	+
chrII	2982	3018	ATACTTTCTCCAAGAGCAGGCCAATTCTTCCACTTCG	42.700	100.000	0.000	0	0.187	0	+
chrII	3019	3050	TTGGTTGTGCTTGCAACTACAATGGCCTTCGA	42.620	100.000	0.000	0	0.288	0	+
chrII	3064	3100	TCAAAGAGGGCTAAAAGAAGCTTCAGTGCTTCTTCGG	42.890	100.000	0.000	0	0.073	0	+
chrII	3118	3154	TTCCAAATTTTATGAACATGCCCTAAAGGCACCTCGG	42.210	100.000	0.000	0	0.054	0	+
chrII	3172	3208	TTAAACATCCGTGTTGGATAGCTGGATAGACCTCTGC	42.110	100.000	0.000	0	0.104	0	+
chrII	3209	3241	TGAGATCTTCCGACCGTTTGAGCTCGTTGATGT	42.560	97.635	0.000	0	0.256	0	+
chrII	3242	3271	CCATCGACTTCTTGGCCAGTCCCGTAAGCC	43.800	100.000	0.000	0	0.288	0	+
chrII	3272	3301	CAATACGCTGCAACGCAGCATCAGCAACAG	42.570	98.829	0.000	0	0.109	0	+
chrII	3368	3397	CCCCAAATTGCGACTGCCGGTAGACCTCCG	45.580	98.286	0.000	0	0.291	0	+
chrII	3428	3464	GGTAACCCAATTTTACGTTGTTGGTCCTAAAGGTGCA	42.050	100.000	0.000	0	0.194	0	+
chrII	3465	3500	CTCAACAATATTCTCCCACGCAGCTATCCTGTCTGT	42.320	100.000	0.000	0	0.192	0	+
chrII	3523	3559	TCGTAGATCCCCACGTATAAATCAGTAACGCCATCGC	43.340	99.322	0.000	0	0.182	0	+
chrII	3570	3606	AATAAAGTTTCTTACAGGGGCCACATTCAAGCAACCG	42.280	100.000	0.000	0	0.193	0	+
chrII	3607	3636	CGTCGGCCCAACCTGATCATGCAATTAGCA	42.780	99.116	0.000	0	0.195	0	+
chrII	3637	3671	AGCAACACTGTGTACGGTACAAACAGAAACGACAC	42.040	99.834	0.000	0	0.157	0	+
chrII	3672	3706	ATATTTCACGTCGCCCTTAGATGCCAGTGCTATCA	42.300	99.452	0.000	0	0.328	0	+
chrII	3707	3742	AGGGGAGATGAAATAACTCCGTCTTACCATAGCCCG	43.040	98.386	0.000	0	0.250	0	+
chrII	3743	3772	GTGGGGCCTGTACTGCCACAGAGGGTGTGT	46.460	99.022	0.000	0	0.160	0	+
chrII	3784	3818	ATTTCATGACATAAGCGCAACTGATGCAAGTCCCT	42.010	100.000	0.000	0	0.185	0	+
chrII	3819	3851	GAATTCAAAGGAGCTGCCAAAGAGTTTCCGGCC	43.110	98.130	0.000	0	0.186	0	+
chrII	3852	3883	TGCGACGAGGATATCGTTTGTACTCTTGGGCT	42.400	100.000	0.000	0	0.168	0	+
chrII	3916	3947	TTTTGATCATGATCTGAACTCGCCGCCTCACC	42.150	100.000	0.000	0	0.384	0	+
chrII	3948	3977	TGCCACTACGTCTTCCGCATTCCGAGTACT	42.550	100.000	0.000	0	0.315	0	+
chrII	3980	4016	AGAATGAACAATGGTAGTCGCTTTCAAGGCCTAACCA	42.540	100.000	0.000	0	0.172	0	+
chrII	4017	4046	TTGAATCCAGCGCTCGGAAGTGAGTCCGTC	43.420	100.000	0.000	0	0.261	0	+
chrII	4047	4077	AAGCGTCTTTAGTCGAGGCTCCGATGAACCG	43.100	100.000	0.000	0	0.258	0	+
chrII	4078	4112	TTCTTGTTGTATCGTCGACGTATACGTTGCGCTGT	42.650	97.809	0.000	0	0.265	0	+
chrII	4113	4146	AGCTCTGGATAACGGTAAGCGTATCACCGTAAGC	42.380	100.000	0.000	0	0.096	0	+
chrII	4179	4215	TGTTAGTATCTCTTCTCAACTTGGGCAGCACACATGC	42.770	100.000	0.000	0	0.175	0	+
chrII	4274	4310	ACTTTATCTCAGTGGGTTTACGTGGGCATAGATCACG	42.190	100.000	0.000	0	0.344	0	+
chrII	4311	4342	CTTCAGCCGCTCTGTGTCGACTTTCTTTTCGC	42.870	100.000	0.000	0	0.326	0	+
chrII	4439	4475	TGGTGCTTTTCTGAAGACTCCTTACAATAGGTGTGCC	42.640	100.000	0.000	0	0.178	0	+
chrII	4479	4515	AACAAAGTCAGTGAAAGTACGCATCGTAGAGCTGTCG	42.650	100.000	0.000	0	0.129	0	+
chrII	4516	4545	TTCGGCCTGGCACTCGCTATTTCGTAACAA	42.050	99.947	0.000	0	0.323	0	+
chrII	4679	4715	TCTTGGGAATAAGATACTTTGAAGGGATTGGTCCGCC	42.370	99.413	0.000	0	0.127	0	+
chrII	4716	4752	CTGGAAATCTGGTTCGTCTTCAACAAACGTCAGGAAC	42.160	100.000	0.000	0	0.190	0	+
chrII	4847	4883	TTAGACCAGACTTTTCGTCTTCGTAGAATGACCGCAC	42.260	99.839	0.000	0	0.102	0	+
chrII	5142	5178	ACTCTATTGAGAAGAAGCAGAATCTGCGCTATGCAGG	42.380	98.814	0.000	0	0.072	0	+
chrII	5223	5259	TCTCACTAAGATAAGCGACTGTCTGTCCCCTTCAAGC	43.010	100.000	0.000	0	0.206	0	+
chrII	5271	5307	AACAGAAGGATGTCTCATTCATCGCTTGATTTCCGGC	43.140	100.000	0.000	0	0.133	0	+
chrII	5323	5359	AGTCGGTACGTACTTTCGTTTTCAATTTCCATGGTGC	42.060	100.000	0.000	0	0.179	0	+
chrII	5373	5409	TATCTGCTTAGTCGAGGAGAACCAGGATTCTGTTCGT	42.430	100.000	0.000	0	0.178	0	+
chrII	5410	5440	TGCTCAGCCGCTTCGTGGATATTCTCTTGGA	42.770	100.000	0.000	0	0.290	0	+
chrII	5442	5478	ACTTTAAACATGGACCTACGTTCCGCTCTCGAAAAGA	42.190	100.000	0.000	0	0.210	0	+
chrII	5509	5545	TCCTTATTAGGTATACGACCTCGCGCTTCGAAGTAGA	42.070	100.000	0.000	0	0.117	0	+
chrII	5554	5584	TTTTGGCGTACCTACATATGGCGCGTCAGAC	42.140	99.931	0.000	0	0.346	0	+
chrII	5605	5641	TGTATTACCCCGCCGAATAAGAAAACAGACCCATTCA	42.280	100.000	0.000	0	0.320	0	+
chrII	5642	5676	CCCACGACGTATCAAGTTACTTCCTTGGTGCAATG	42.130	99.225	0.000	0	0.218	0	+
chrII	5692	5728	ATTCCTTGACGCTAGATCGTTGGACTAAAATCTGCGT	42.290	100.000	0.000	0	0.223	0	+
chrII	5768	5804	AAGGTTACTTCCTAGATGCTATATGTCCCTACGGCCT	42.080	100.000	0.000	0	0.186	2	+
chrII	5848	5884	ACCCTAACACTACCCTAACCCTACCCTATTTCAACCC	42.540	100.000	0.000	0	0.481	2	+
chrII	5885	5921	TTCCAACCTGTCTCTCAACTTACCCTCACATTACCCT	42.690	99.814	90.508	0	0.407	2	+
chrII	5922	5954	ACCTCTCCACTTGTTACCCTGTCCCATTCAACC	42.640	100.000	65.057	0	0.411	2	+
chrII	5955	5984	ATACCACTCCCAACCACCATCCATCCCTCT	42.090	100.000	170.282	0	0.610	3	+
chrII	5985	6019	ACTTACTACCACCAATCAACCGTCCACCATAACCG	42.500	99.651	0.000	0	0.477	0	+
chrII	6033	6067	AGCCATATTCAACTTCACTACCACTTACCCTGCCA	42.170	100.000	0.000	0	0.459	0	+
chrII	6070	6105	ACTCTACCATCCACCATCTGCTACTCACCATACTGT	42.360	100.000	0.000	0	0.357	0	+
chrII	6162	6198	TTACCCTACCACTTTATACCACCACACATCACATGCC	42.300	97.274	32.781	0	0.376	2	+
chrII	6205	6241	ACCTTCACTTGTATACTGATATGCCATACGCACACGG	42.350	100.000	0.000	0	0.165	0	+
chrII	6269	6305	TTACCCTACTCTCACATTCTACTCCACTCCATGACCC	42.250	100.000	0.000	0	0.386	0	+
chrII	6317	6353	AATCAGTACTAAATGCACCCACATCATTATGCACGGC	42.040	100.000	0.000	0	0.207	2	+
chrII	6354	6383	ACTTGCCTCAGCGGTCTATACCCTGAGCCA	43.910	100.000	282.193	0	0.297	4	+
chrII	6425	6461	TATCTCATTCGGCGGGCCCAAATATTGTATAACTGCT	42.270	100.000	194.448	0	0.204	4	+
chrII	6728	6763	ATGCCACCTCACTGTCGTAACACTCTATATTCACCG	42.070	100.000	0.000	0	0.281	2	+
chrII	6764	6798	AGAAACAATACGGTAGTGGCTCAAACTCATGCCGG	43.130	100.000	38.141	0	0.201	2	+
chrII	7000	7036	TCAGCGCCGTATACTAAAACGGACGTTACGATATTGT	42.030	99.835	91.185	0	0.142	2	+
chrII	7184	7220	TGGTACCATGACTTGTAACTCCACTACCCTGATCTGC	42.970	100.000	80.454	0	0.251	2	+
chrII	7227	7263	GTTCTTAGAAGTGACGCATACTCTATATGGCCCGACG	42.120	100.000	87.444	0	0.257	2	+
chrII	7302	7337	TTTTATGGAAGGACAAAGTGCTGCGAAGTCATACGC	42.200	100.000	0.000	0	0.156	0	+
chrII	7585	7621	ATTCGTAAAGGCATCACTCCCTAGTTTGCGATAGTGT	42.060	100.000	0.000	0	0.173	0	+
chrII	7622	7655	AGATACCGTCCTTGGATAGAGCACTGGAGATGGC	43.240	97.660	97.660	0	0.267	2	+
chrII	7656	7689	TGGCTTTAATCTGCTGGAGTACCATGGAACACCG	43.000	99.687	99.687	0	0.176	2	+
chrII	7690	7724	GTGATCATTCTGGTCACTTGGTCTGGGGCAATACC	43.130	100.000	93.644	0	0.286	2	+
chrII	7725	7761	AGTCAACATGGTGGTGAAGTCACCGTAGTTGAAAACG	43.030	97.892	96.428	0	0.084	2	+
chrII	7762	7795	GCTTCAGCAACTTCGACTGGGTAGGTTTCAGTTG	42.320	100.000	100.000	0	0.227	2	+
chrII	7796	7825	GGTGGGCGGCTTGGAACATGTAGTATTGGG	42.680	98.806	98.806	0	0.240	2	+
chrII	7826	7861	CCAAGTGAGCTCTGATATCAGAGACGTAGACACCCA	42.670	100.000	94.342	0	0.147	2	+
chrII	7865	7901	CCACCAAGTTGACTCTTTCGTCAGATTGAGCTAGAGT	42.070	99.630	99.630	0	0.179	2	+
chrII	7902	7931	GGTGGTTGCAGAAAGCAGTAGCAGCGATGG	43.210	99.165	0.000	0	0.159	2	+
chrII	7932	7966	CAGCGACACCAGCAGCGATTGAAGTTAATTTGACC	42.880	97.312	96.300	0	0.193	2	+
chrII	8023	8059	GAAAGCGCATACCTCAAAGGCATATAGTTGAAGCAGC	42.410	100.000	19.157	0	0.208	2	+
chrII	8099	8135	AACGATTCGTTAACAGACGCTCATTTAGCACCTCACA	42.610	96.951	0.000	0	0.127	0	+
chrII	8244	8280	TATGGCACTCATGTGTATTCGTATGCGCAGAATGTGG	42.970	100.000	86.403	0	0.116	2	+
chrII	8317	8347	AAAACCCTTTTGCGCGCCTGTTAAGTTTCCG	42.320	100.000	0.000	0	0.238	0	+
chrII	8377	8413	AGATTTGGACCCTCGTTCAGAAGCTTACTGTCTAAGC	42.150	100.000	0.000	0	0.169	0	+
chrII	8415	8451	ATCATTTGGTGTGTCCTAAACGGTTTCCATGCAAAGC	42.700	100.000	0.000	0	0.159	0	+
chrII	8625	8661	TGTGTTTATGAAATGTGTCAAGGCCCGTCTATAGCGT	42.480	100.000	0.000	0	0.285	0	+
chrII	8693	8725	TTTTACGCTCAAAAGGCAACGAGGGCACATACT	42.170	100.000	0.000	0	0.218	0	+
chrII	9408	9444	AATCCACATTCTCTACACCAATACCATCGACGAGAGC	42.050	97.659	0.000	0	0.233	0	+
chrII	9552	9588	ACTGGTTACCGGAAAGGTTTAGAAAATTCGTGGAGGG	42.660	100.000	0.000	0	0.147	0	+
chrII	9589	9618	TTGGCCGAGTGGTCTAAGGCGGCAGACTTA	44.320	100.000	0.000	0	0.175	0	+
chrII	9619	9648	AGATCTGTTGGACGGTTGTCCGCGCGAGTT	45.010	100.000	0.000	0	0.197	0	+
chrII	9777	9813	TTTTCTTCATGGCGTCCTTTGCATCCAGCAATAATGG	42.650	100.000	0.000	0	0.137	0	+
chrII	9930	9966	AATCTTTCAGCGGACTAGAAGAATAGGGCGTTCAACT	42.040	100.000	0.000	0	0.190	0	+
chrII	10008	10044	TATTTTGCTCGCAGTTTTGCCTTAAAATGCCCTCTGT	42.430	100.000	0.000	0	0.248	0	+
chrII	10070	10106	TTTCTATTATTTGCCACCCACTCTGTCACCTTCGTCC	42.510	100.000	0.000	0	0.291	0	+
chrII	10114	10150	ATATTGAGCTTCCTGTTTCTCCGCTCTTTCTCTTGCA	42.370	100.000	0.000	0	0.419	0	+
chrII	10155	10191	AAGGATCAATTCTTGCGTCTATAAGTGGTTCCGCAGT	42.370	100.000	0.000	0	0.158	0	+
chrII	10201	10235	ATTATTACCGCACTGCTGATCGGTCTCGTTCTTCA	42.290	100.000	0.000	0	0.230	0	+
chrII	10422	10458	TCAAGCTTGGATCAACACATCTTTCTCGCGTAACTGT	42.660	100.000	0.000	0	0.215	0	+
chrII	10496	10532	AGATTTGTTTCAAGTAAGCTTTGGGGTGCCGTAAACG	42.440	100.000	0.000	0	0.206	0	+
chrII	10633	10669	TAACTTGGCGGACAAAATTACCGTCACGTTCAAAAGT	42.030	100.000	0.000	0	0.214	0	+
chrII	10750	10786	AATCGCTTCAAGCCTCCTATCTTAGAGTCTAGAGCCT	42.130	100.000	0.000	0	0.191	0	+
chrII	10790	10823	AAAATTCTTATGCGAGCAAGGGCAACCTGATCGA	42.050	100.000	0.000	0	0.039	0	+
chrII	10850	10884	AAAACCTACAGCGCTCTTCATCATATCCCTTCCCG	42.630	100.000	0.000	0	0.334	0	+
chrII	10885	10921	TTTCTTCCATTGCGTCATTCATGGTTTGTCCCATTGT	42.300	100.000	0.000	0	0.266	0	+
chrII	10941	10977	GTGGTTTCTACCGTGTCTAAACGAGTTTCAATTGCCC	42.210	100.000	0.000	0	0.219	0	+
chrII	11003	11039	TCCATTACTTCTTCCAGAGCTTCTTACAGGTCTGGCA	42.830	100.000	0.000	0	0.150	0	+
chrII	11040	11074	TACCTGTGATCTTCCGTACCGGGAGGTAACTTTCT	42.490	100.000	0.000	0	0.074	0	+
chrII	11084	11120	ACTACTACTGGAAGATATGCATCCTCGAGCAATTGCG	42.230	100.000	0.000	0	0.097	0	+
chrII	11121	11157	CTTTCCTCATACTTCGATTCGGGCCTTTCTATACCGC	42.530	100.000	0.000	0	0.375	0	+
chrII	11195	11231	AGTTCCTCTAGCCCATTGTAAGGAATTCACTTGAGGC	42.320	100.000	0.000	0	0.172	0	+
chrII	11280	11316	TGTTGTGATATGTCAGCAGTATGATTCGTTCCGGTGG	42.610	100.000	0.000	0	0.191	0	+
chrII	11329	11365	GTACTGAAATCAAAGAGGCTTGGAATTTCCCTGTGCG	42.360	100.000	0.000	0	0.181	0	+
chrII	11395	11431	ATGAATTTTCAACGTATTGAGCGCTTAGAGGGACCGG	42.940	99.410	0.000	0	0.153	0	+
chrII	11563	11599	ATCCACTAGTGGCAATTGGATACTTGAAAAGCGCATG	42.170	100.000	0.000	0	0.134	0	+
chrII	11614	11650	TACCTGGTGATACTAAACGAATGTCATTTGCGCCACT	42.480	100.000	0.000	0	0.166	0	+
chrII	11658	11694	ACAAATCCAGGTATTGCGATACCCTTGCTTAAACCCT	42.540	100.000	0.000	0	0.222	0	+
chrII	11819	11855	AGTTGCAGGCAGTATTTTGAAAGTCATCAATTCCCCG	42.290	100.000	0.000	0	0.192	0	+
chrII	11891	11927	CCCATCATCTCCATATTCCATGACGCAAAAGTGAACG	42.130	97.248	0.000	0	0.253	0	+
chrII	11970	12006	TTTTCATTGAAGATTATAGCCGGGCCTCTTCTGTCCA	42.190	100.000	0.000	0	0.277	0	+
chrII	12012	12048	ATTAAGGTTCCTTCAATGAAACCAACGGCAACGAACC	42.490	100.000	0.000	0	0.077	0	+
chrII	12104	12140	ACTTGGTATAAAGCCTTGTTTAACGTTCGTAGGCCCT	42.350	100.000	0.000	0	0.196	0	+
chrII	12187	12223	ATCTGCTAAACTTCAATTGCAGTGCATCGCTTTTGGG	42.860	100.000	0.000	0	0.200	0	+
chrII	12258	12294	AAAAGAATAACATCCCCAACCTCAGATGATACCGCCA	42.240	99.035	0.000	0	0.225	0	+
chrII	12380	12416	TACAGCGTTGTCAGTTACTTCACTGTGTGAAGCATCC	42.740	99.667	0.000	0	0.099	0	+
chrII	12437	12473	ACTATGCCCAGTTAGTAAAGCAGATCTGGTCTCATGC	42.150	99.658	0.000	0	0.195	0	+
chrII	12511	12547	AAAACGATTCACTTTGAGCGATTGTCATCATCCCCAG	42.080	100.000	0.000	0	0.131	0	+
chrII	12563	12599	AACTGATTGCGCTATACAAGTAGTAACCGTTGGTCGA	42.050	99.059	0.000	0	0.134	0	+
chrII	12600	12630	ACCCATGCTAAGCTCCGAGGGAAAATGGAGG	43.180	100.000	0.000	0	0.282	0	+
chrII	12643	12679	AAGAGCCTGCTGGGTATATCAATGTTTCAAGTTCGCC	43.050	99.930	0.000	0	0.103	0	+
chrII	12700	12736	TGAGGTTTGTGTCATGGCATCCACCAAAATATGGAGA	42.660	100.000	0.000	0	0.147	0	+
chrII	12737	12773	AGCCTTCGGCAAGGGTAGAAAATTTATTAGTGGAGCT	42.350	100.000	0.000	0	0.122	0	+
chrII	12797	12833	TTGTTGAACCGGTTTAGCATAGTACTTGCTCATTGCG	42.120	100.000	0.000	0	0.187	0	+
chrII	12834	12868	TCAAATGATGTCACAGAATACATTGGTGTGCCGCC	42.410	98.718	0.000	0	0.150	0	+
chrII	12924	12960	GCAATCAACAACGATGTATACTCAGGATTACGCTGGC	42.040	98.999	0.000	0	0.184	0	+
chrII	12982	13018	TAGCGGGTGTTTCTGTAAAGGAACAGTCTTTCAAGGC	42.860	100.000	0.000	0	0.152	0	+
chrII	13054	13090	TTCTAGCGTGAATCAGTTTACCGCTATTGACATCCCA	42.040	100.000	0.000	0	0.244	0	+
chrII	13138	13174	TTGGGTGATAAAGTGACTGAATGACCTTTGGAGTGCG	42.910	100.000	0.000	0	0.216	0	+
chrII	13175	13211	TTTCTTTTCTATGTTTGTGGATAGATCACCGCCCGGA	42.250	100.000	0.000	0	0.346	0	+
chrII	13428	13464	TAGATCAATATGGATCCACTCTCGAGGCCAATCAGCA	42.680	99.680	0.000	0	0.214	0	+
chrII	13469	13505	ATCCAAGGACGGATCAGTCTCAATACAAGTGATGCTG	42.250	100.000	0.000	0	0.149	0	+
chrII	13656	13691	ATTTGCTTTTGCCCATAAACATGTATCTCCCCAGCA	42.080	100.000	0.000	0	0.292	0	+
chrII	13697	13733	TGCAACTGCCAAAAGGCTTTGAGTATAGTCGAATGTG	42.160	100.000	0.000	0	0.127	0	+
chrII	13800	13836	ATACCATTTGAGACGTCATGAACTCTCGCGGATTTGA	42.290	96.851	0.000	0	0.190	0	+
chrII	13998	14034	TGTAAACAGAATGCGCATTGTTGAACATACGGCTTCG	42.660	100.000	0.000	0	0.132	0	+
chrII	14150	14183	AAAACCCTCTCCTCCTATGAAGCGGAACAGTTCA	42.160	100.000	0.000	0	0.194	0	+
chrII	14267	14303	AGGAAAATCCTCTAAACTCTTCTTGCTGGCTCGTTGT	42.330	100.000	0.000	0	0.170	0	+
chrII	14304	14335	CAAAACAGAGGGCAGAGGTGTAAGTGTGGGTG	42.270	100.000	0.000	0	0.410	0	+
chrII	14379	14415	AGATTTAATTTCTGGGATGTAGGGTGGTTTCACGCGA	42.410	100.000	0.000	0	0.312	0	+
chrII	14443	14479	TTACGGAAGAAAGGTTCTTCCATAACTTCGTCTGCGT	42.190	100.000	0.000	0	0.064	0	+
chrII	14480	14509	CCCTGGGACCAGCACCCAACCTCTTTTCAG	43.940	100.000	0.000	0	0.233	0	+
chrII	14602	14638	ACTTCATCTTCGTCATCTCCTGAGAATGGAGATTGGC	42.120	99.631	0.000	0	0.167	0	+
chrII	14639	14673	ACAGTAGCATTTGATATAGCAGCACCCCAAATGCC	42.130	100.000	0.000	0	0.217	0	+
chrII	14714	14750	TTTCTGGAGCCATAAATTCTGGTGTGCCACAAAATGT	42.170	100.000	0.000	0	0.172	0	+
chrII	14872	14908	TCATGAAAATATTTCAGAGCCAGTAAGACCTCGGCGG	42.530	98.611	0.000	0	0.104	0	+
chrIII	2	31	CCACACACCACACCCACACCACACCCACAC	46.060	94.250	447.332	0	1.000	14	+
chrIII	32	61	ACCACACACACCACACCCACACACCCACAC	45.690	95.211	573.141	0	1.000	15	+
chrIII	62	91	CACACCACACCCACACCACACCCACACACC	46.060	94.250	452.659	0	1.000	15	+
chrIII	92	121	CACACCCACACACCACACCCACACACACCA	45.690	95.211	753.611	0	1.000	15	+
chrIII	122	151	CACCCACACACACCCACACCCACACACCAC	46.060	94.151	335.653	0	1.000	9	+
chrIII	152	181	ACCCACACACACACCACACCCACACACACC	45.690	95.211	487.728	0	1.000	15	+
chrIII	186	215	CACACCCACACCACACCCACACCCACACAC	46.060	94.151	516.050	0	1.000	9	+
chrIII	233	262	CCCACACCCACACACCACACCCACACACAC	46.060	94.151	691.754	0	1.000	15	+
chrIII	263	292	CACACCCACACACACCCACACCACACCCAC	46.060	94.151	0.000	0	1.000	7	+
chrIII	293	322	ACACCACACCCACACACCCACACCCACACA	46.740	95.211	354.276	0	1.000	9	+
chrIII	326	355	CACACCCACACCACACCCACACCCACACAC	46.060	94.151	516.050	0	1.000	9	+
chrIII	404	438	ACCTGTCTCCCAACTTACTCTCCATTACCCTACCT	42.160	100.000	0.000	0	0.489	0	+
chrIII	439	472	CTCCACTCGTTACCCTGTCTCATTCAACCGTACC	42.490	99.394	0.000	0	0.413	2	+
chrIII	473	508	ACTCCCAACCACCATCCATCTCTCTACTTACTACCA	42.060	100.000	179.998	0	0.501	3	+
chrIII	509	538	CCAACCCACCGTCCACCATAACCGTTACCC	43.840	97.989	77.064	0	0.387	3	+
chrIII	539	569	TCCAACTACCCGTATCCAACTCCACTACCGC	42.380	100.000	0.000	0	0.518	0	+
chrIII	570	606	TTACCCTACCATCGACCATGTCCTACTCACTGTACTG	42.300	100.000	98.619	0	0.286	2	+
chrIII	661	697	ACTTATCCTACCACTCTAATCCCACTACCACATGCCA	42.350	99.215	0.000	0	0.478	0	+
chrIII	699	735	ACTCACCTTCACTTGTATTCTGATCGGTCATACGCAC	42.240	100.000	0.000	0	0.286	2	+
chrIII	777	813	TCATATTCCACTCCATCACCCATCTCTCACCATCAGT	42.540	100.000	0.000	0	0.355	0	+
chrIII	814	843	ACCAAATGCACTCGCATCATTATGCACGGC	42.060	100.000	81.376	0	0.147	0	+
chrIII	844	873	ACTTGCCTCAGCGGTCTATACCCTGTGCCA	44.260	99.596	289.019	0	0.321	4	+
chrIII	917	953	TCTCATTCGGCGACACCAAATATTGTATAACTGCCCT	42.290	100.000	56.231	0	0.174	4	+
chrIII	1155	1191	ATTGCTTGAACGGATGCCATTTCATGTTGAATGTGGT	42.640	100.000	0.000	0	0.174	0	+
chrIII	1413	1449	AATTCATTACGTCAACAGGTTATGAGCCCTCAGAGCA	42.240	100.000	0.000	0	0.161	0	+
chrIII	1475	1511	ATCTAGCCCCAACAATTATAAACAGTGGCTGTACGGT	42.170	100.000	0.000	0	0.180	0	+
chrIII	1587	1623	AGGGATTACAATCTCAGCGCGAATGATGAAAGCTTTG	42.110	100.000	0.000	0	0.126	0	+
chrIII	1652	1688	AAAGCTCTACAAGAAAACTATCGTGGGTGAAGCTGCA	42.590	100.000	0.000	0	0.199	0	+
chrIII	1695	1731	ATGAACTGGATATGTGATGATTCGCTTGGAAGGGTCT	42.070	100.000	0.000	0	0.232	0	+
chrIII	1869	1905	TTCACGATGCTTGAAGACAATAGCGAAGAACAGGACA	42.500	99.393	0.000	0	0.208	0	+
chrIII	1914	1950	AGACGCGACACCAATATCGCGTTGTTATTAATGACCT	42.570	100.000	0.000	0	0.026	0	+
chrIII	1971	2007	TCATTCCACGAGAAATTCGGTGACTCTAAGGCTCTTC	42.120	100.000	0.000	0	0.116	0	+
chrIII	2041	2077	ATGCGTCATCGAATTCATCATCTTCGGTCTCAGATGC	42.800	97.451	0.000	0	0.186	0	+
chrIII	2136	2172	TTTACGGAGCTGATCATCGCATAAGCAACTGTTCTCT	42.310	100.000	0.000	0	0.152	0	+
chrIII	2221	2257	TGACAAAACGAGTAGATCTTCATCTGCTAGTGTCGCG	42.260	99.819	0.000	0	0.190	0	+
chrIII	2258	2290	ATTCCTGACTATGAAACGCAAGGCCAAACAGCA	42.270	98.902	0.000	0	0.276	0	+
chrIII	2291	2324	GGACAGATAACACCGAAGTCCTGGCTCTGTATGT	42.120	98.077	0.000	0	0.255	0	+
chrIII	2326	2362	ATCTTCGACTGTTCCAGCTACCAAATCCTCAGAATGG	42.260	98.829	0.000	0	0.203	0	+
chrIII	2365	2398	TTTTGACACAGGATGTACTTCCCACATGTGCCAC	42.130	100.000	0.000	0	0.136	0	+
chrIII	2426	2462	AGATCCTCTAGGAAAGACTTTGTCAGAGGAGTTGGCG	42.910	100.000	0.000	0	0.108	0	+
chrIII	2463	2492	GTTCCATACCCATCATGGGCTCCGGAACTG	42.170	98.187	0.000	0	0.164	0	+
chrIII	2586	2622	ACTCTTCTGTTACGTTCACAAAAGAGGGTGTCACTGT	42.130	91.275	0.000	0	0.199	0	+
chrIII	2623	2656	GCAATCACCTGATGATGTGGTTTCTACAGCTGGG	42.230	99.800	0.000	0	0.196	0	+
chrIII	2660	2696	TCACAATAAAAGACTCTGGGAAGTACAAAGCTCGCCT	42.160	100.000	0.000	0	0.206	0	+
chrIII	2697	2726	TGTCGCCCAAGGACATACTCAAAAGGCTGG	42.190	100.000	0.000	0	0.282	0	+
chrIII	2736	2772	TCAGGAAACCTTTGCACCAGTCATTCGATATGACTCT	42.060	100.000	0.000	0	0.070	0	+
chrIII	2773	2809	GTTAGATTATTTCTGGCCCTTGCTAGCTGCCTCAAAC	42.020	100.000	0.000	0	0.248	0	+
chrIII	2820	2856	TCAGATGGACGTTGACACTGCGTTTCTAAACTCAACC	42.870	99.446	0.000	0	0.202	0	+
chrIII	2857	2890	ATGGATGAGCCGATCTACGTAAAACAACCACCCG	42.940	98.743	0.000	0	0.355	0	+
chrIII	2900	2936	ACGAGAGGAATCCCGACTATGTATGGGAACTATACGG	42.260	99.922	0.000	0	0.101	0	+
chrIII	2945	2981	ATGGACTCAAACAAGCCCCATTACTATGGAACGAACA	42.440	100.000	0.000	0	0.209	0	+
chrIII	2999	3035	AAAAGATTGGTTTCTGTCGACATGAAGGCGAACATGG	42.320	100.000	0.000	0	0.082	0	+
chrIII	3042	3078	TTTTCGTTCCACATCTGATGGTCCCATCTACATTGCC	42.900	100.000	0.000	0	0.268	0	+
chrIII	3080	3116	TATACGTAGACGACTTACTTGTTGCTGCTCCCTCTCC	42.660	100.000	0.000	0	0.218	0	+
chrIII	3205	3241	ATTCATCAATCGTCAAACGGAGACATCACTCTCTCCC	42.180	97.758	0.000	0	0.132	0	+
chrIII	3290	3326	TTAAACTTACACAGACTCCGCTCTGCAACTCAAAGCC	42.940	100.000	0.000	0	0.234	0	+
chrIII	3332	3368	TCGAAACAACTTCCCCGCATCTAAAAGACATCACTCC	42.730	98.943	0.000	0	0.226	0	+
chrIII	3381	3416	AGTTGGTCAGCTTCTCTTTTGTGCAAATACTGGTCG	42.030	100.000	0.000	0	0.234	0	+
chrIII	3417	3453	TCCGGACATATCGTATCCAGTCTCATTACTCTCCAGG	42.090	100.000	0.000	0	0.229	0	+
chrIII	3454	3484	TTCCTTCGAGAACCTCGCGCAATCCATTTGG	42.560	99.912	0.000	0	0.182	0	+
chrIII	3485	3514	AGTCTGCTCGGCGGGTTCTACGGTACCTAT	43.400	100.000	0.000	0	0.376	0	+
chrIII	3530	3566	TGTGTCTCAAGTATCGTTCTGGATCTCAGTTGGCATT	42.010	100.000	0.000	0	0.254	0	+
chrIII	3577	3613	TGTGATGCATCTCATGGAGCTATTCACGATCTACCAC	42.110	100.000	0.000	0	0.178	0	+
chrIII	3624	3653	GGGGTACGTGACTCTACTTGCTGGTGCTCC	43.160	100.000	0.000	0	0.382	0	+
chrIII	3654	3685	CGTTACGTGGTCATCGAAGAAGCTCAAGGGTG	42.110	100.000	0.000	0	0.195	0	+
chrIII	3750	3786	ATGGATTCAAAACTTGTTTGAACACTTAGGCCAGCCA	42.130	100.000	0.000	0	0.099	0	+
chrIII	3852	3888	TCACACGAGAGCAAAACACATTGCTTTGAGATACCAC	42.070	97.880	0.000	0	0.109	0	+
chrIII	3889	3924	AAGCTAAGAAATGCAGTGGCAGCAGGCATAATTACC	42.310	100.000	0.000	0	0.133	0	+
chrIII	3996	4032	AACACATAGGGCTGTCATGATAAGGGAACCAGAAACT	42.040	100.000	0.000	0	0.109	0	+
chrIII	4387	4423	ACAAGGTTGTTTCTAAGGTGCTATATGTCCCTACGGC	42.250	100.000	0.000	0	0.196	2	+
chrIII	4424	4454	CTCGTTTAGCCCCATCTCGCATGCAATACCG	42.610	99.332	0.000	0	0.372	0	+
chrIII	4512	4548	ATATAGAAATGTCCGACACTTGCGCTACACTAAGGCA	42.030	100.000	0.000	0	0.177	0	+
chrIII	4792	4828	TCTGATACTATGGTATGAGAGGCCTTGGTAAAGGGCA	42.400	100.000	0.000	0	0.131	0	+
chrIII	4869	4905	AGAGCATATCGTCTCGTTGAGACCGTATAGATTCGCA	42.530	98.291	0.000	0	0.140	0	+
chrIII	5070	5106	ATGCAGCAGTAATAAAACACATTGGCTTCGCTTTCGC	43.080	100.000	0.000	0	0.137	0	+
chrIII	5142	5178	ATGATATACTGGTGCTCGAGGATGATGAGAGGACACA	42.290	99.072	0.000	0	0.268	0	+
chrIII	5226	5260	AACTGTCCACGATTCAGGGATGTGCTATGAGTTCA	42.210	98.821	0.000	0	0.213	0	+
chrIII	5261	5290	ATTTTCGCTGTAGTGCTGCCATTGGCGCTG	43.600	100.000	0.000	0	0.373	0	+
chrIII	5306	5341	AAAACTCCACAGCTTTCAATGGAGATGTGACTGCAC	42.260	97.168	0.000	0	0.148	0	+
chrIII	5377	5413	ACTCTGTTAGTAAGGAGCCATAGTCGACATCTGTCCA	42.150	100.000	0.000	0	0.236	0	+
chrIII	5440	5476	CCCCAAAATACATGGCTGTACCATGTAAAATGAGCGG	42.370	100.000	0.000	0	0.064	0	+
chrIII	5550	5586	AATCACGCTGCAACATTGGTGAAGAATCTCAAAAGGT	42.220	100.000	0.000	0	0.135	0	+
chrIII	5679	5709	TTTTGGGCACGCTGAACACGCTCAATGTAGT	42.640	100.000	0.000	0	0.278	0	+
chrIII	5795	5830	TTTACTGCTGGATTATTGGGTTCACCCGTAGACTGT	42.010	100.000	0.000	0	0.179	0	+
chrIII	5831	5867	TGCCGACTCCAAGAAAACTATGATCTCAATACAGGCA	42.080	100.000	0.000	0	0.261	0	+
chrIII	5908	5940	TTTTGCGGTACCAAAATCGCATGTTGCACTCAC	42.130	100.000	0.000	0	0.166	0	+
chrIII	6025	6061	TGGCATACACTTAGAAAAGTGCTATGACATGACGCCC	42.820	98.070	0.000	0	0.174	0	+
chrIII	6150	6186	TCCAGCATCATTTATTGGATAGTAACTCCTCCCGCAC	42.200	100.000	0.000	0	0.196	0	+
chrIII	6194	6229	ATCAATGACGCTGACTCTTTTACTGACGCTGAGTCT	42.120	98.799	0.000	0	0.206	0	+
chrIII	6230	6259	TTACCGACGCTGAGTCTTTACCGACGCTGA	42.550	100.000	276.235	0	0.297	4	+
chrIII	6260	6290	GTCTTTACCGACGCTGAGTCTTTACCGACGC	42.070	100.000	264.086	0	0.312	4	+
chrIII	6302	6338	AAAAGTACGACACAGCTATATGCGTCGCAAGTTCAGA	42.450	99.079	0.000	0	0.179	0	+
chrIII	6544	6580	TTTCCTCATCTGGCAAGACAACCAAACCATCTTCAGT	42.700	100.000	0.000	0	0.201	0	+
chrIII	6581	6617	GAATTCTTCGTGTGTCGCCTTGTCTATTAGTTCCGGG	42.820	100.000	0.000	0	0.343	0	+
chrIII	6625	6661	TGAACATTGTAAACGCAAAGAACGGTACCGTACATGC	42.310	100.000	0.000	0	0.121	0	+
chrIII	6694	6730	ATCTGTAAGATTCAACCACAGCATCTCTTTCGGGTGA	42.060	100.000	0.000	0	0.097	0	+
chrIII	6792	6828	TCGTTTCCAAGGTTCTTGTAGAGTTGGTTAGGCATGG	42.620	100.000	0.000	0	0.250	0	+
chrIII	6829	6859	TTTGTGTCCATATGGCACCAGAAACGGAGGC	42.480	100.000	0.000	0	0.252	0	+
chrIII	6860	6894	ACCGATAGCAGCGCCTAGCTTTGAAAAGGTATACT	42.260	100.000	0.000	0	0.093	0	+
chrIII	6895	6928	GGATGCCGGTTATTACAGCCATCCTACTATGCGT	42.620	100.000	0.000	0	0.297	0	+
chrIII	6929	6963	AGTCATGGCTTGCAGTATGACGATCACTGAATTGC	42.080	99.494	0.000	0	0.177	0	+
chrIII	6964	7000	TGCATAGGAGACCACTCAAACCCATGATAACAGATGC	42.480	99.878	0.000	0	0.155	0	+
chrIII	7001	7033	AGCGATAACACCTTCATGAGACCCAGATCCTCC	42.170	97.401	0.000	0	0.222	0	+
chrIII	7047	7076	AAAAGGCCCATGCACACCATCCATGCAGCA	44.830	100.000	0.000	0	0.260	0	+
chrIII	7089	7125	ACAGAAAGTTTCAGTTTCCTTGTCTTTGCCACCAACA	42.100	93.101	0.000	0	0.158	0	+
chrIII	7127	7163	ACTGTAGAATGGAGATGCAGTAGCAGCAACAAAGTCA	42.320	100.000	0.000	0	0.097	0	+
chrIII	7164	7195	GGAAGGTTTACTATCCGAGCAGCCGAAGTGGA	42.640	100.000	0.000	0	0.175	0	+
chrIII	7268	7300	AAAAGTAACACCAAGGGGTGCCCAAATTCCACG	42.810	98.787	0.000	0	0.150	0	+
chrIII	7313	7349	TTTGAACGGTAGAAGAGGAGATTTGGCAAATTTGGCC	42.280	100.000	0.000	0	0.213	0	+
chrIII	7410	7446	GAATTGTGCCACTTCTGTGATGTCTCATTAGCCAACG	42.300	100.000	0.000	0	0.206	0	+
chrIII	7447	7478	TCAAAGGGACAAGGATACACCCTAGCGACACA	42.130	100.000	0.000	0	0.169	0	+
chrIII	7530	7566	TTCTCAAATAATCCGCCCGTTCTTTCCTTTCTAGCCT	42.280	100.000	0.000	0	0.400	0	+
chrIII	7633	7669	TAATTGGCAAGGCAGAGAGTGGGTAAATAAAAGCCCA	42.700	100.000	0.000	0	0.300	0	+
chrIII	7750	7786	ATGGCCAATATGAGGCGTACTGGTAAAACATTCTCCA	42.370	100.000	0.000	0	0.168	0	+
chrIII	7813	7849	TTAATGTCAGGAGCAGATTTGTTCCGACGTATCCACA	42.150	100.000	0.000	0	0.280	0	+
chrIII	7853	7889	ATAGAAAACCGATCCTGCTGCATACATTGTGAGACGG	42.680	98.732	0.000	0	0.204	0	+
chrIII	7944	7979	AAAAGCCTTAGTCTTCCGAAGTGGTCAGAGAGTCTG	42.010	100.000	0.000	0	0.107	0	+
chrIII	7980	8015	GAGTAGACAACTTGGGATCCGACACTTACAACAGCA	42.300	96.337	0.000	0	0.240	0	+
chrIII	8039	8075	TAAGGAGTGTTCTGAATATGAGTTCGTCGCATAGCCC	42.030	99.262	0.000	0	0.242	0	+
chrIII	8213	8249	CGATGTCATAGAGTACGTGTCATCGTTTGAGTGACGT	42.040	96.267	0.000	0	0.205	0	+
chrIII	8250	8286	TCTCGCTCAATAATCTCACAGGACTGCCTAATTCCAC	42.070	100.000	0.000	0	0.226	0	+
chrIII	8295	8330	TTACTTGAGGCACCAACAACACTAGAACTCATCCGA	42.020	100.000	0.000	0	0.235	0	+
chrIII	8592	8625	AAAATTGCTGTGACACCCCTTCAATGTGGTGTCT	42.190	100.000	0.000	0	0.141	0	+
chrIII	8679	8714	AGTTTCCGAAAATCCACGACGAACCAGTTATACCGA	42.280	97.061	0.000	0	0.216	0	+
chrIII	8809	8838	AAAATGCGGTGCCTGTCGACAGGATATGCG	42.870	100.000	0.000	0	0.220	0	+
chrIII	8859	8895	AAAATTGAGTACCTAGATCCGGTGGTGTAGGACGAGC	43.070	100.000	0.000	0	0.246	0	+
chrIII	9023	9059	AACATGCGAGTAAAAGTAGTGCCACATTTCCTTTGCA	42.180	100.000	0.000	0	0.220	0	+
chrIII	9062	9098	AGGTGCAAATTGGTACATATTTAACAGATAGCGCCGC	42.150	100.000	0.000	0	0.165	0	+
chrIII	9099	9131	ACCTCATATGCAGCGCGTACATGATACGAGACG	42.760	94.923	0.000	0	0.245	0	+
chrIII	9335	9371	TGGAGGAAACTAAGTACTCTTCGCAGCAGGAGATAGA	42.150	99.315	0.000	0	0.106	0	+
chrIII	9372	9405	AGAAGCATGTGGTTCAGACGCTTCATTGAATGCT	42.160	100.000	0.000	0	0.128	0	+
chrIII	9406	9442	AGAGGTAGCAATGATTCTCCAATGGGACTTTCCTTGT	42.060	100.000	0.000	0	0.114	0	+
chrIII	9443	9473	ACCTCTGCCTGGCTTCGTGAACTCTTGTACT	42.500	100.000	0.000	0	0.363	0	+
chrIII	9501	9535	AGTGGGAACTATTATTGACGTGGTCGCAGAACAGT	42.280	98.978	0.000	0	0.075	0	+
chrIII	9536	9570	TCGGAAACTACTCCAAAACAGGTTGGCTCGTTACA	42.530	100.000	0.000	0	0.178	0	+
chrIII	9588	9624	TGCTATTCTGAGTCTCATTTGGGGAAGATTCGCATCT	42.020	100.000	0.000	0	0.246	0	+
chrIII	9666	9695	TTTTGAAGCCGGATCCCTAATTGCTGCCCT	42.220	100.000	0.000	0	0.400	0	+
chrIII	9711	9747	TATGCTCATTGTCGGTAGAGTTGTTGCTAGTGTTGGG	42.450	100.000	0.000	0	0.378	0	+
chrIII	9748	9782	GGAAGCGGACTTCAAACGCTTTGCTTTGTTATTGG	42.140	100.000	0.000	0	0.086	0	+
chrIII	9783	9816	TTGTACGATGGTTGGTGAAAGGTCACGTCCATTG	42.020	100.000	0.000	0	0.252	0	+
chrIII	9818	9854	TGATTTCCATCCTAAGTTGTGCATTTGCTGTAGCTGC	42.280	100.000	0.000	0	0.273	0	+
chrIII	9856	9891	ATCGTTGGTCCTATAATCGGAGGTGCCTTTACAACC	42.360	99.400	0.000	0	0.265	0	+
chrIII	10088	10124	TCTTCAAGTTTGACTTCTTTGGTTTTGCCCTCTGCTC	42.140	99.623	0.000	0	0.178	0	+
chrIII	10125	10154	TGCAGGGCTGGTCCTTTTCCTACTGGGGCT	46.140	99.626	0.000	0	0.288	0	+
chrIII	10175	10211	ATAGTTGGAACTCTGGCCAAGTCATCGCATATTTGGT	42.490	100.000	0.000	0	0.170	0	+
chrIII	10271	10307	TCAACCCGGAACCTGATAATATATCCTACAGGCCTCT	42.130	98.720	0.000	0	0.184	0	+
chrIII	10375	10411	ACCGGTTACAATGGGCAAATGATATACTCTGTCCAGT	42.040	100.000	0.000	0	0.221	0	+
chrIII	10413	10449	TTTCCAACTTATATTTGCGTCGAGTGCATGGAAAGCC	42.360	100.000	0.000	0	0.206	0	+
chrIII	10463	10499	TACCAATCGTTATTACCAACGTTATTGCGGCCATTGC	42.390	100.000	0.000	0	0.158	0	+
chrIII	10544	10580	TAATATTTGGAGGCGTTCTTGGGGTAATTGGAGCAGG	42.700	100.000	0.000	0	0.324	0	+
chrIII	10603	10637	ACGTCCACGAAGTCAACTCAAATTGGTGTTTTGCT	42.350	98.778	0.000	0	0.101	0	+
chrIII	10638	10673	ATTACCGGGGTTTTCCCTTGGATTTGCTCTACAAGC	43.220	100.000	0.000	0	0.120	0	+
chrIII	10675	10711	TCGCTCATGAGTGCACAGCTTCAAATTACCAAAGATC	42.020	100.000	0.000	0	0.197	0	+
chrIII	10760	10796	TCATGAAGTCATTAGGTACAACTCTTGGTGGTGTGCT	42.030	100.000	0.000	0	0.127	0	+
chrIII	10810	10844	TTTTCCGCCTCCTTTCACAACAAAGTATCACGAGC	42.260	98.617	0.000	0	0.303	0	+
chrIII	11496	11532	TCGTCATTCAAACTTGTATTAGACGAGGGACGGAGTG	42.020	100.000	0.000	0	0.099	0	+
chrIII	11556	11592	TTGTGGGATAGGATAGTAGCAACTCTTGGAGGAGAGC	42.600	100.000	0.000	0	0.191	0	+
chrIII	11645	11677	GGGGATGGCTTTTGCCATTTGTGAGAGTTGTGC	43.510	100.000	0.000	0	0.053	0	+
chrIII	11745	11781	GTAAATCGTCCTGTCCCATTACGAGCTGTAGTAGTGC	42.240	99.846	0.000	0	0.257	0	+
chrIII	11842	11878	TTCCTGAGTTGCATGTTGGATTGAGTTTACGAAGGGT	42.650	100.000	0.000	0	0.260	0	+
chrIII	11881	11910	CCAGACGGCCAGAAACCTCCAGGCGGAGTT	46.560	99.010	0.000	0	0.167	0	+
chrIII	11911	11947	AACAACTAGTAATACGGCATCCATGTTTGCATCAGCG	42.070	100.000	0.000	0	0.124	0	+
chrIII	11948	11984	CCGAGCCTATACCAGTCACTGAGTAGACGTTTTCTTG	42.040	99.355	0.000	0	0.190	0	+
chrIII	12016	12045	GGGGCATTCTCTAGAGACACAGGCAGTTGC	42.200	99.248	0.000	0	0.241	0	+
chrIII	12046	12075	TTCCAGCAACTGCCGTACGGCCGTTCTCAT	45.150	100.000	0.000	0	0.208	0	+
chrIII	12179	12215	TTAACTCTTCTTGAGACAATTTGGCCCTGGATAGCGA	42.090	100.000	0.000	0	0.182	0	+
chrIII	12216	12249	AGCGTGCGGTTACAAATAGGTCGTCTTGTTCAAG	42.100	100.000	0.000	0	0.282	0	+
chrIII	12377	12410	TTTTCGGGCTCATTCTTTCTTCTTTGCCAGAGGC	42.500	98.982	0.000	0	0.348	0	+
chrIII	12411	12440	TCACCGCTCAAGAGGTCCGCTAATTCTGGA	42.480	100.000	0.000	0	0.245	0	+
chrIII	12534	12570	AGGCCCTTGGTATCTAGATATGGGTTCTCGATGTTCT	42.260	100.000	0.000	0	0.271	0	+
chrIII	12654	12690	TCTTGAGTTACCACATTAAATACCAACCCATCCGCCG	42.710	100.000	0.000	0	0.306	0	+
chrIII	13130	13166	TCTGGGTTTTGTTTGGGATGCAATTTATTGCTTCCCA	42.410	100.000	0.000	0	0.133	0	+
chrIII	13368	13398	AAAACGTCTAGCTGAGCATGTGAGGCCAAGC	42.560	100.000	0.000	0	0.260	0	+
chrIII	13571	13607	TGGCTTTTAGAGCATATTACTCACAGTTTGGCTCCGG	42.700	100.000	0.000	0	0.151	0	+
chrIII	13615	13651	CAAAATGTCTTGTCTTCTCTGCTCGCTGAAGAATGGC	42.420	98.080	0.000	0	0.176	0	+
chrIII	13652	13681	ACGCGGACAAAATGCAGCACGGAATATGGG	43.280	100.000	0.000	0	0.358	0	+
chrIII	13750	13786	TATGCTGAAGTACGTGGTGACGGATATTGGGAAGATG	42.070	100.000	0.000	0	0.243	0	+
chrIII	13787	13823	TGTTTGTACATTTGGCCTTATAGAGTGTGGTCGTGGC	42.920	100.000	0.000	0	0.379	0	+
chrIII	13869	13905	TCCTATTTGAAACTCCCCATCGTCTTGCTCTTGTTCC	42.530	100.000	0.000	0	0.319	0	+
chrIII	14145	14181	GTATACTAAGCCTTGGGAAAATGCGTGTTCCTTGTGC	42.370	100.000	0.000	0	0.201	0	+
chrIII	14533	14569	ACGATGCTTATTGTGCTTTGTTGGGTGTTTGACTTCT	42.160	100.000	0.000	0	0.453	0	+
chrIII	14571	14607	TGTTAACTTACTTCAACATGAAAGCCCGACGTTTGCA	42.040	99.138	0.000	0	0.196	0	+
chrIII	14701	14734	TTTTATATTTTCGCCGGAGGTGCTGGAAATGGCA	42.280	100.000	0.000	0	0.198	0	+
chrIV	1	30	ACACCACACCCACACCACACCCACACACAC	45.690	95.211	530.403	0	1.000	15	+
chrIV	31	60	CACACCCACACACCACACCCACACCCACAC	46.060	94.151	529.068	0	1.000	14	+
chrIV	61	90	ACCCACACCCACACACCACACACCACACCA	46.740	95.310	165.448	0	1.000	11	+
chrIV	100	129	CACACCCACACCACACCCACACCCACACAC	46.060	94.151	516.050	0	1.000	9	+
chrIV	130	159	CACACCCACACCCACACACCACACACTACC	44.030	95.865	413.086	0	0.861	11	+
chrIV	179	214	AACCCTGATTTTACCTGTCTCCAAACCTACCCTCAC	42.200	100.000	0.000	0	0.391	2	+
chrIV	215	244	ATTACCCTACCTCCCCACTCGTTACCCTGC	42.300	96.728	0.000	0	0.570	0	+
chrIV	245	274	CCCACTCAACCATCCACTCCCAACCACCAT	43.480	100.000	0.000	0	0.685	0	+
chrIV	275	309	CCATCTCTCTACTTACCACTAACCACCGTCCACCA	42.810	100.000	0.000	0	0.469	0	+
chrIV	311	346	AACCGTTACCCTCCAATTACCCATATCCAACTCCAC	42.300	100.000	96.049	0	0.448	3	+
chrIV	348	384	ACCACTTACCCTACTATTACCCTACCATCCACCATGT	42.100	100.000	94.937	0	0.423	2	+
chrIV	456	491	ACTTACCCTACCACTCTATACCACCACTACCACCAC	42.310	100.000	0.000	0	0.580	0	+
chrIV	492	521	CGCCACTTGCCACACTCACCTTCACTTCTA	42.010	100.000	0.000	0	0.449	0	+
chrIV	566	602	AAACTTACCCTACTTTCATATTCCACACCATGGCCCC	42.590	100.000	34.768	0	0.277	2	+
chrIV	619	655	TACCAAATGCACTCACATCATTATTCACGGCACTTGC	42.380	100.000	97.547	0	0.181	2	+
chrIV	656	686	CTCAGCGGTCTATACCCTGTGCCATTTACGC	42.070	100.000	190.321	0	0.372	4	+
chrIV	703	739	TCCACATTTTATTACCTATATCTCATTCGGCGGCCCC	42.300	98.945	0.000	0	0.250	3	+
chrIV	1091	1120	TTTTACTGTAAGGGCTGCCATCCGCGCTCT	43.480	100.000	0.000	0	0.267	0	+
chrIV	1151	1187	ATCTCAAAACAAGCGGGAGAAGTGCTAATTACCCAGA	42.250	99.636	0.000	0	0.213	0	+
chrIV	1188	1220	GGTCATGCATGATCTGAGTACCACCGTACCTCT	42.080	99.209	0.000	0	0.292	0	+
chrIV	1221	1257	AGGTTTTGCTTTGATCCGTTTTACAGTGACACCGAAC	42.350	100.000	0.000	0	0.359	0	+
chrIV	1260	1296	AAGGGGAAGCTATTGACATGGTATCGAAAGGTTGTCC	42.480	100.000	0.000	0	0.154	0	+
chrIV	1439	1475	TATGTATTTCATTCAAGCGGTAACCGCTGTACGAGCA	42.420	100.000	0.000	0	0.037	0	+
chrIV	1476	1512	GTGACATTGCTGGTCGCACCTTAAATGTAAACCAACG	42.820	99.875	0.000	0	0.149	0	+
chrIV	1513	1544	TTACGGCACACCGTGATGTACCCGCATTAAAG	42.230	100.000	0.000	0	0.116	0	+
chrIV	1626	1662	AGTTTCTTTGCCTAAAATAGCCCAACATTGTTGCCCT	42.230	100.000	0.000	0	0.196	0	+
chrIV	1664	1700	TTTCTATCACGAGGTTACTGAGCCATTGCATGAACGC	43.040	100.000	0.000	0	0.203	0	+
chrIV	1769	1799	AAAACCCCTCGAACTGCCATCTCACTACCGA	42.570	100.000	0.000	0	0.414	0	+
chrIV	1832	1868	AGCGTAGATGTGTTATCCTTCAAACAGCTCGAATCCC	42.490	99.251	0.000	0	0.173	0	+
chrIV	1934	1970	AAGTCCTTAGCGTTTCGCATCTGGATGCTATTATGGC	42.900	100.000	0.000	0	0.166	0	+
chrIV	1972	2007	ACCACTTAGCGTCTGGTGGAAACTTTCCAACAATTG	42.220	100.000	0.000	0	0.058	0	+
chrIV	2013	2049	ACCCACTTATAGTTTCACTTCTGGTCCTGTTTCTGGG	42.080	100.000	0.000	0	0.246	0	+
chrIV	2138	2174	AACACACCAAGTTCTGATCCTCATGATTGGGAAGTCG	42.650	99.896	0.000	0	0.131	0	+
chrIV	2308	2344	AGCTGCCAAGGTTAAGTCATTTAAGGATTCTGTCCCT	42.200	100.000	0.000	0	0.156	0	+
chrIV	2349	2385	TCGAAGAGGCTTTGCAAGTGTATGCTACAGGATTTGA	42.470	100.000	0.000	0	0.091	0	+
chrIV	2413	2442	AAAATCATGGAGCCCTGTTGGCCTGGAAGA	42.030	100.000	0.000	0	0.143	0	+
chrIV	2443	2477	CGTTCAGCTTCCCAAGGATATTCATCGGTCCAAGC	43.370	100.000	0.000	0	0.217	0	+
chrIV	2564	2600	TTTTGCCTTGCATTTCGTATCTTGTGTCCTGGATTGT	42.090	100.000	0.000	0	0.411	0	+
chrIV	2605	2641	CCTCATGATGGTGTGGCTTTTCCAAAATATGAGGACG	42.170	100.000	0.000	0	0.188	0	+
chrIV	2693	2728	ATAAATGAGCAAGAAAGTGGTGCGAATGGATGGGAC	42.110	100.000	0.000	0	0.292	0	+
chrIV	2825	2858	AGCCACTTCTTCTACCGCCTTCTATCTGCAAAGA	42.150	100.000	0.000	0	0.187	0	+
chrIV	2893	2927	ATGGCCATATATTAAAGAAGCGCAATTGTCCCGCA	42.130	100.000	0.000	0	0.263	0	+
chrIV	3035	3071	GGCGAGTGGACACTTTTATCAAGCGATTTATCATGCA	42.070	100.000	0.000	0	0.119	0	+
chrIV	3288	3324	AGTACTATAAAATCTTTCCGTGCGCTCAAACGGAGGC	42.870	100.000	0.000	0	0.101	0	+
chrIV	3451	3487	AGCTTTAGTTTAACCCGTAGTTCGGGATACACTTCGG	42.110	100.000	0.000	0	0.063	0	+
chrIV	3575	3611	TGCTACTTTCATATCCTCCATTAAAGCGGGAGCTACC	42.050	100.000	0.000	0	0.101	0	+
chrIV	3639	3675	CGAGTGGGTTAGTTACACTAGGTGAAGGATCGTTTGC	42.510	100.000	0.000	0	0.143	0	+
chrIV	3682	3718	ATGGTCAAGCCATTCACGGACATTGATAATAGCTGGG	42.860	100.000	0.000	0	0.141	0	+
chrIV	3814	3850	TGTTTCTAACGGAACTGTATTAGACCATGCGCTCAGT	42.100	98.632	0.000	0	0.183	0	+
chrIV	3912	3948	ATCACCACAAAGGAAATGGCGATTCTACAACAGGACC	43.010	99.393	0.000	0	0.184	0	+
chrIV	4080	4116	TTTTAAAACGGATAACCACCAACCCTCGTCAGTGACT	42.410	100.000	0.000	0	0.189	0	+
chrIV	4162	4198	TTCCTATCATGCGCCTCGAAACAACTTCCATAGTACG	42.430	99.553	0.000	0	0.228	0	+
chrIV	4199	4229	TGCCTGCTACTGTGAGTAGTTTACTGCCGCA	42.830	97.707	0.000	0	0.299	0	+
chrIV	4235	4271	ACACTATACTGATTCAGCATCCATCAGTAAGTGCGCG	42.460	100.000	0.000	0	0.183	0	+
chrIV	4609	4645	TAACCCGGAATGGAAATTGTGCACAGTACATCAATGG	42.010	100.000	0.000	0	0.136	0	+
chrIV	4955	4991	CTTACTCGAGCTTTGAAATGAACAAGCCTAAACCGCC	42.420	100.000	0.000	0	0.352	0	+
chrIV	5300	5336	TGAAGTAGAAGAGCAGTCAGGTAGAGTGGTTATCCCA	42.020	97.701	0.000	0	0.215	0	+
chrIV	5337	5368	TCAGCCAGAACCTGTCCGTAAACAGGTTGTGG	43.250	100.000	0.000	0	0.065	0	+
chrIV	5446	5482	TCTGAAAATATGCTTCGGTTCGAATCTGTGGTCTGCA	42.600	100.000	0.000	0	0.200	0	+
chrIV	5483	5518	GTGCAGCGTGTTGGTATTTTACCGACAGTTTTAGCG	42.820	100.000	0.000	0	0.236	0	+
chrIV	5521	5557	ATATGTATAGATCTGTCACGCTTGCAACATCGCGACA	42.290	100.000	0.000	0	0.204	0	+
chrIV	5652	5688	TCAATGTTGGCTTTGTTCTTCTGGAGAGGAATCAGCT	42.560	100.000	0.000	0	0.210	0	+
chrIV	5705	5737	TTTTCTCTGCTCGAGAGTCATCGCGACATTCCA	42.540	100.000	0.000	0	0.199	0	+
chrIV	5738	5769	CACCCCGCGTTTTACGTGCACAGAATCTTTCG	43.250	100.000	0.000	0	0.187	0	+
chrIV	5770	5805	TAGAAGGGAGCATTTGACATCCTGTCAGCCATATGC	42.620	98.553	0.000	0	0.131	0	+
chrIV	6030	6066	AGTGACTCGAATGTATACCCAGGAAAGGCTAAGTCGC	43.210	100.000	0.000	0	0.279	0	+
chrIV	6109	6145	ACGGCTTAGATATTGTTCATGTTGAGTTCAGTCCGGA	42.020	100.000	0.000	0	0.263	0	+
chrIV	6179	6215	AACAGAGATATTTGACGCTACTGAGGATGCCAAGGAG	42.090	98.811	0.000	0	0.139	0	+
chrIV	6216	6248	GCAGACGAAAGTGAAAGAGGAATGCCACTTGCG	43.060	96.163	0.000	0	0.149	0	+
chrIV	6249	6283	ACAGCATTGAATACATATCCCAAGGCAGCAGCTTG	42.260	100.000	0.000	0	0.132	0	+
chrIV	6307	6343	TAATCATGGAAGGGTACGACACAGCTATTCTTGGAGC	42.110	100.000	0.000	0	0.175	0	+
chrIV	6389	6425	TGACAAAACTGGAGAATGGGAAATTTCAGCGTCATGG	42.240	100.000	0.000	0	0.197	0	+
chrIV	6430	6466	TCGGGCTGACCTTATGTTATATGGCAGGTGAAATTGT	42.370	100.000	0.000	0	0.213	0	+
chrIV	6469	6498	GGCTACAGCTAACGGGGCCCTCCGTGGATC	46.460	98.689	0.000	0	0.180	0	+
chrIV	6565	6601	ACTTTTGCAATAGTTTAGGCATGATTGCTGTGGGACA	42.010	100.000	0.000	0	0.130	0	+
chrIV	6602	6631	AGCATTGTGCGGGATGCCATGGGGTTGTTT	44.810	100.000	0.000	0	0.237	0	+
chrIV	6633	6669	CAGTGTTTGACGGTGTCTTACGCTTCTGAAATATGCC	42.210	99.952	0.000	0	0.232	0	+
chrIV	6792	6828	AAACTACCATTTGCCCTACAGTGGATTTTGCCAGTTC	42.150	100.000	0.000	0	0.221	0	+
chrIV	6896	6932	TGAGGCAAGGAGATCACTTAGAAGAACTTTAAGCGGC	42.470	100.000	0.000	0	0.165	0	+
chrIV	7057	7093	ATCGAAGAAGAACGAGAATTACTTGTCTCTGCTGGGC	42.410	98.905	0.000	0	0.100	0	+
chrIV	7143	7179	TACGAAAAGGCTGGCGTTAGTACTGAAATGTCCTTCA	42.240	100.000	0.000	0	0.200	0	+
chrIV	7202	7238	TCTCGGTATTTGTGCTACATTTCTATCTTGGTGGGCG	42.510	100.000	0.000	0	0.406	0	+
chrIV	7257	7293	TATGACCTTTACGCTTTTGGACTAGCCTTCCAAACCA	42.370	100.000	0.000	0	0.215	0	+
chrIV	7300	7334	TTTTCATTATTGGCGGTTTGGGGTGCTCAAGTACG	42.540	100.000	0.000	0	0.445	0	+
chrIV	7336	7372	ACGGTTCCAAAATGGGAAGTGGTTCTCTTTTAATGGC	42.290	100.000	0.000	0	0.169	0	+
chrIV	7518	7554	TTATACCAACTGAACTCTAAGAAGTGGAACTGGGGCG	42.030	100.000	0.000	0	0.158	0	+
chrIV	7593	7628	ACTTTAATCTGGGCTGTGGTTGACCTACCAGAAACT	42.180	100.000	0.000	0	0.259	0	+
chrIV	7728	7760	CCCCTAAAGACGTCTCTCATAACGACCCCAAGG	42.390	96.929	0.000	0	0.241	0	+
chrIV	7767	7803	TCGAAGCTTCCATTGCAGAGGAATAGCAATGTATCCC	42.650	98.251	0.000	0	0.093	0	+
chrIV	7993	8028	AGAGAAAAGATTCTTTCTCATCCGAGTATGGCGCGT	42.250	99.744	0.000	0	0.094	0	+
chrIV	8084	8120	GTCATAGTAACAGTCTGGGCACTCACTTCGTACATCC	42.090	99.023	0.000	0	0.221	0	+
chrIV	8165	8201	AATCTCGAATGAGCAGTTCTGGCAGTACTGAAACTGA	42.120	100.000	0.000	0	0.152	0	+
chrIV	8256	8292	TGCCGTCAAATTATATGTACAGTAGCTACCAGAGCGG	42.050	100.000	0.000	0	0.213	0	+
chrIV	8701	8737	AATAGTCTTGACTACCTCTCCACCATGGGCAATGTTG	42.310	100.000	0.000	0	0.113	0	+
chrIV	8777	8813	TGGGTTATCAATGGCTTGACATTGACTTTTCCTGTGG	42.010	100.000	0.000	0	0.191	0	+
chrIV	8814	8846	CAACCAAGTTCACAGCGTCACGATAATCACCGA	42.020	96.340	0.000	0	0.199	0	+
chrIV	8919	8952	TTTTACCCATACCGACTTGCACCATGGTACCTCC	42.720	97.705	0.000	0	0.257	0	+
chrIV	8953	8989	AACCTTAGTTGTTTTGACAGCGGCATCAATGCAAACA	42.770	100.000	0.000	0	0.135	0	+
chrIV	8990	9021	TCAGCACCTGAACACTCAAACACCACATCTGC	42.380	100.000	0.000	0	0.305	0	+
chrIV	9022	9051	GTGATTTCCGCCCAAAAGCTTTTGGACCCC	42.290	100.000	0.000	0	0.182	0	+
chrIV	9052	9081	ATCGGCCAAGTCTTGGGCTTTATCGGTGGA	43.210	100.000	0.000	0	0.192	0	+
chrIV	9082	9116	AAACTGGGAAGAATTGAAAGTGTTTGTGGCTCCGA	42.030	98.549	0.000	0	0.137	0	+
chrIV	9122	9158	TTTGCTCTCTGTAGCTTGTTGTCGAATACATCGACGA	42.120	98.382	0.000	0	0.174	0	+
chrIV	9159	9188	AAATGACGTCGGTGGCACCAAAAGCGCGGG	46.680	100.000	0.000	0	0.264	0	+
chrIV	9189	9218	CGACTGCGCCAGTTAAAAGCCCCACAGGAC	44.590	98.519	0.000	0	0.194	0	+
chrIV	9219	9254	CTGCACCAAATACAACAACTTTGGTACCAAAGCGGA	42.540	100.000	0.000	0	0.112	0	+
chrIV	9270	9306	TAGAGTGTACACCGACTGATAAGGGTTCGACACAAGC	43.050	94.832	0.000	0	0.139	0	+
chrIV	9307	9336	GCCCTCTTCATAACTGACGCCTTCTGGCAA	42.190	100.000	0.000	0	0.278	0	+
chrIV	9369	9405	ACTTCACAAGAGTACCATCAATTGGAGGAGTTGCAGC	42.810	99.885	0.000	0	0.145	0	+
chrIV	9406	9442	AAATGCCATATGTGGGCAAAGGTTATAGCTCCCTTCT	42.520	100.000	0.000	0	0.116	0	+
chrIV	9443	9476	TTGGTCTCATCAGAGTAACGGCTAGGAACACCAG	42.070	99.209	0.000	0	0.250	0	+
chrIV	9477	9510	GTTCAATAGCAACACGGTCACCAACTTTGACCCT	42.220	100.000	0.000	0	0.230	0	+
chrIV	9511	9540	TGTGACGGCATCACCAACTTCCACAACCTG	42.610	100.000	0.000	0	0.282	0	+
chrIV	9541	9573	TCCGCTTGATTCATGACCTAAAACCATTGGCGC	42.790	98.034	0.000	0	0.266	0	+
chrIV	9619	9652	ATCAGAGCCGCAGATACCAGTGGCTTTAATAGCT	42.290	98.958	0.000	0	0.153	0	+
chrIV	9667	9700	GGGGTCCTTAATGGTAGGGATTGGTCTTTGCTCG	42.950	100.000	0.000	0	0.364	0	+
chrIV	9701	9737	ATGGCAATATCGCCGACTTTCTCTAGAACTACTGCAG	42.190	100.000	0.000	0	0.214	0	+
chrIV	9933	9969	AGATGGAAGAAATGCGGTTAGCAAGGTGATACAGAGG	42.430	100.000	0.000	0	0.169	0	+
chrIV	9970	10003	CTTCATGTGACCGGAGAAAGGAGATACGAGACCG	42.320	98.062	0.000	0	0.293	0	+
chrIV	10081	10117	CTGAACGAAGTTCCTTCATTATTCACCCCAACCAAGC	42.220	98.867	0.000	0	0.083	0	+
chrIV	10118	10150	CCGATGGTTCCTGAAGCTAGGCGTAACTTTCCA	42.870	98.177	0.000	0	0.266	0	+
chrIV	10151	10186	ACTTCAACATAGATTTTGCCACTCGGCAGTAGCTGT	42.730	100.000	0.000	0	0.088	0	+
chrIV	10206	10242	TGCACCTATATGTGCCTAAAACTTACTCTCCTGCAGG	42.130	100.000	0.000	0	0.224	0	+
chrIV	10303	10332	CCCCGTAATTTGTTTGCCTTCATGCCTGCC	42.330	100.000	0.000	0	0.462	0	+
chrIV	10333	10366	TCTCCTTGTCTCAGGTCACACCATTCACGATTCC	42.400	100.000	0.000	0	0.281	0	+
chrIV	10368	10404	TCATGCCTGCTACCGATTTAGTAGTAAGAAAAGCCGT	42.040	100.000	0.000	0	0.337	0	+
chrIV	10432	10465	TTTTCCTTGGAATTGTTAGCCCGCCTTTTGGTCG	42.820	99.207	0.000	0	0.253	0	+
chrIV	10558	10594	ACAGATGAACGGTTCTATAGTTTCAGTGGACGTAGCG	42.020	100.000	0.000	0	0.187	0	+
chrIV	10819	10855	TGGACATATGCCGACTTAAATGCTAAAACCCTCGACT	42.250	99.728	0.000	0	0.298	0	+
chrIV	10923	10959	TAGTGGCAGATGCTCCTTGAACTACTAATGACCCAGG	43.040	99.085	0.000	0	0.247	0	+
chrIV	10960	10991	TCACCCAGAGAGGTCAGAGACTTTGTACGGGT	42.920	94.978	0.000	0	0.171	0	+
chrIV	11049	11085	TGTTGTGTGGAAACATGCCTCAAAATGTTTTCACCGC	43.320	100.000	0.000	0	0.084	0	+
chrIV	11104	11140	ATTTGCCAAGTTAACGAAGCATGAGAAAGTTTGCCCC	42.860	98.984	0.000	0	0.159	0	+
chrIV	11160	11196	ATCTCTTCTAATATGATGGTTGTTTGTGCGGCCACGC	43.290	100.000	0.000	0	0.227	0	+
chrIV	11285	11320	AGAGGAATGGTACAGTGTTACGTTCCTGGAAATGCA	42.270	100.000	0.000	0	0.131	0	+
chrIV	11333	11369	TTCCATAAGCACTCAAGTGGACCTATGTTGACTTCCC	42.250	100.000	0.000	0	0.186	0	+
chrIV	11372	11408	TCTTCATCACCACTCCGTTTTCACTCCATAAGCATCC	42.520	100.000	0.000	0	0.259	0	+
chrIV	11439	11475	AACAGAACTTCGTACAATGTTGCCTTAACCAAACGCT	42.070	100.000	0.000	0	0.188	0	+
chrIV	11688	11724	TCTTTCCAGCTTTTCTTCTTAGCCTCAGTTTCCCTGG	42.540	100.000	0.000	0	0.305	0	+
chrIV	11725	11754	AAGAAGCTCCTCTCCTTGAGGGTGGTACCC	42.270	96.591	0.000	0	0.101	0	+
chrIV	11980	12016	TTGCTTTAGATTTGACCTTCGAAGGGAATGACTCGGC	42.930	99.948	0.000	0	0.215	0	+
chrIV	12017	12048	AACCACAATATAAGCAACAGGGGCCCATGTCG	42.330	100.000	0.000	0	0.301	0	+
chrIV	12066	12102	TAGAAGCATGTGAACACAATCATGGCATTACCTGCAC	42.120	100.000	0.000	0	0.136	0	+
chrIV	12103	12133	CTTTCGAGGATGGACCATCCTGGCCATGAGG	43.330	99.502	0.000	0	0.088	0	+
chrIV	12147	12183	ACCCCGATACTTGCAAATATGACCATACAAGCCATCA	42.410	100.000	0.000	0	0.232	0	+
chrIV	12184	12218	TTGAAGCCGCTCCGAATAACAGACATTTACGACGG	43.140	97.458	0.000	0	0.255	0	+
chrIV	12263	12299	ATTCACTGTACCTAGGACGATCGAAGTCTCAAACCCA	42.570	93.781	0.000	0	0.273	0	+
chrIV	12416	12452	TGTTTTGACGGAGAAAAGTTCTTTCCATGAGGCTTCC	42.010	100.000	0.000	0	0.101	0	+
chrIV	12453	12482	CCTAGTTCTCTTTGGGCAAGGACACCGGCG	43.930	99.703	0.000	0	0.367	0	+
chrIV	12483	12519	TTGATTTCATCAGCCTGTTTGAGTACCCATGGATCCT	42.240	100.000	0.000	0	0.201	0	+
chrIV	12520	12553	CTGGTGAAACCTTGTTGATCTTGGCGATGGAGAC	42.270	98.350	0.000	0	0.155	0	+
chrIV	12589	12624	ATCTTGGGGACTCTGGAACTAATAACATGCCAACGA	42.070	99.878	0.000	0	0.201	0	+
chrIV	12625	12661	TGATAATTAGAGCCCACAGAAAGCATAGTCCCACAGG	42.050	99.610	0.000	0	0.218	0	+
chrIV	12747	12783	TGGTACAATGAGACAAGTCCACCTCTCAAATCTGTGG	42.170	93.628	0.000	0	0.137	0	+
chrIV	12790	12826	TTTCAGATAAAAGCATTGGACACAACACCGAACAGCC	42.460	100.000	0.000	0	0.219	0	+
chrIV	12827	12859	ACCAGCACCAAGACCGTAGATGATCTTACCGAC	42.330	97.797	0.000	0	0.183	0	+
chrIV	12937	12973	TTGCTAGCCTTCTACCTAAAGTATCAGCAAGTCTCGC	42.010	100.000	0.000	0	0.192	0	+
chrIV	12974	13006	AAAAGCAACACCGCCAATGGAACATCCTACACT	42.280	100.000	0.000	0	0.139	0	+
chrIV	13007	13036	GAACATGGCCACGAGAAGACCCATACGCAC	42.640	99.481	0.000	0	0.376	0	+
chrIV	13103	13139	ATTGATGAAGCCTGCAGTAATACCACTATCCCAACCA	42.100	100.000	0.000	0	0.242	0	+
chrIV	13198	13227	AAAAGCCTCTCTTCGGTGCGTCTGGCGTAT	43.350	100.000	0.000	0	0.214	0	+
chrIV	13245	13281	TTGTCATAAAACCCGTCTGACCATTCTTTCTCTCCGG	42.460	100.000	0.000	0	0.260	0	+
chrIV	13282	13313	GTGGCTGTACATGAACGTCAGCTGCACTACTG	42.300	100.000	0.000	0	0.291	0	+
chrIV	13322	13357	ATCTGCATTAATTTCTGGTGAGGACTGTTCGCTTGC	42.160	100.000	0.000	0	0.316	0	+
chrIV	13474	13510	ATACGTTTGAAAGTTGGTGATTACAGGCCAACACTGG	42.030	100.000	0.000	0	0.185	0	+
chrIV	13597	13633	TATTGAAAGGTTCAAGATGCGCAGTACAAGTCCTCGT	42.410	100.000	0.000	0	0.157	0	+
chrIV	13646	13682	TCTACCTTGCCTGACTTCTTTGCTAAATTGTGCCTCT	42.380	100.000	0.000	0	0.359	0	+
chrIV	13683	13714	GCGCAGTGCACGTTCAAAAGAAAAGCATACCC	42.530	100.000	0.000	0	0.240	0	+
chrIV	13784	13820	AAATAATTTTGCCTGCAGCAGGCTAGCTGCATATTCA	42.290	100.000	0.000	0	0.029	0	+
chrIV	13846	13882	TACGAGACGGAGTTAAGCAAAACGGAGTTAACACAGG	42.400	100.000	0.000	0	0.047	0	+
chrIV	14229	14265	TTGTTCAACGTTGCTTTTACCTCTGGCAATACTCCAC	42.110	100.000	0.000	0	0.270	0	+
chrIV	14269	14305	ATTTCAGGATTTGCTGCCAAAGTCCATTTTGTGCAAG	42.030	100.000	0.000	0	0.151	0	+
chrIV	14374	14410	TCTGAGAAATTATGACGGAAGAATGTAAGCTGCCGGT	42.210	100.000	0.000	0	0.149	0	+
chrIV	14429	14465	TTGCAAAGGAATTTTGAGAATTTATGGCTCGACGGCG	42.780	100.000	0.000	0	0.078	0	+
chrIV	14510	14546	AATATTATCCAGCAGCTGTTCTCCCATATAGTGCGCC	42.430	100.000	0.000	0	0.219	0	+
chrIV	14722	14758	AGCAGTATTGCAACAAGGCGTTACAGTCTTTGTTACC	42.110	100.000	0.000	0	0.101	0	+
chrIV	14816	14852	TTCATACCTGGGGTGGCCGTTTCATATTTCTGTTTCT	42.490	100.000	0.000	0	0.313	0	+
