chrI	1	30	CCACACCACACCCACACACCCACACACCAC	46.060	94.250	333.507	0	15	+
chrI	31	60	ACCACACACCACACCACACCCACACACACA	45.310	97.141	84.402	0	15	+
chrI	63	99	TCCTAACACTACCCTAACACAGCCCTAATCTAACCCT	42.010	96.106	0.000	0	2	+
chrI	100	133	GGCCAACCTGTCTCTCAACTTACCCTCCATTACC	42.710	100.000	80.582	0	2	+
chrI	134	163	CTGCCTCCACTCGTTACCCTGTCCCATTCA	42.920	100.000	0.000	0	2	+
chrI	164	193	ACCATACCACTCCGAACCACCATCCATCCC	42.920	98.706	90.569	0	0	+
chrI	194	227	TCTACTTACTACCACTCACCCACCGTTACCCTCC	42.570	97.840	0.000	0	0	+
chrI	228	261	AATTACCCATATCCAACCCACTGCCACTTACCCT	42.270	100.000	0.000	0	0	+
chrI	262	296	ACCATTACCCTACCATCCACCATGACCTACTCACC	43.050	100.000	62.111	0	2	+
chrI	346	382	TAACACACACGTGCTTACCCTACCACTTTATACCACC	42.120	100.000	40.151	0	2	+
chrI	399	435	ACCCTCACTTGTATACTGATTTTACGTACGCACACGG	42.330	100.000	0.000	0	0	+
chrI	460	496	ACTTACCCTACTCTCAGATTCCACTTCACTCCATGGC	42.870	100.000	0.000	0	0	+
chrI	510	546	AATCAGTACCAAATGCACTCACATCATTATGCACGGC	42.290	100.000	92.773	0	3	+
chrI	547	576	ACTTGCCTCAGCGGTCTATACCCTGTGCCA	44.260	99.596	289.019	0	4	+
chrI	619	655	ATCTCATTCGGCGGTCCCAAATATTGTATAACTGCCC	42.710	99.619	56.098	0	4	+
chrI	950	986	ATTCACCGAGCAATAATACGGTAGTGGCTCAAACTCA	42.190	100.000	80.473	0	2	+
chrI	1194	1230	TCAGCGGCGTATACTAAAACGGACGTTACGATATTGT	42.030	97.598	93.045	0	2	+
chrI	1371	1407	ATGAGAGTTTGGTACCATGACTTGTAACTCGCACTGC	42.700	98.334	52.393	0	2	+
chrI	1424	1460	GTTCTTAGAAGTGACGCATATTCTATACGGCCCGACG	42.380	100.000	87.504	0	2	+
chrI	1501	1537	TTATTTAAGGACAAAGGTTGCGAAGCCGCACATTTCC	42.660	100.000	0.000	0	0	+
chrI	1774	1808	ATGGAAACCCGTTCGTAAAATTGGCGTTTGTCTCT	42.160	100.000	0.000	0	0	+
chrI	1812	1848	TTGCGATAGTGTAGATACCGTCCTTGGATAGAGCACT	42.340	100.000	100.000	0	2	+
chrI	1849	1881	GGAGATGGCTGGCTTTAATCTGCTGGAGTACCA	42.720	98.904	98.904	0	2	+
chrI	1882	1913	TGGAACACCGGTGATCATTCTGGTCACTTGGT	42.840	100.000	100.000	0	2	+
chrI	1914	1944	CTGGAGCAATACCGGTCAACATGGTGGTGAA	42.090	100.000	0.000	0	0	+
chrI	1945	1978	GTCACCGTAGTTGAAAACGGCTTCAGCAACTTCG	42.810	100.000	100.000	0	2	+
chrI	1979	2008	ACTGGGTAGGTTTCAGTTGGGTGGGCGGCT	46.380	100.000	100.000	0	2	+
chrI	2023	2059	TTGGGCTAAGTGAGCTCTGATATCAGAGACGTAGACA	42.140	99.314	94.573	0	2	+
chrI	2061	2097	CCAATTCCACCAAGTTGACTCTTTCGTCAGATTGAGC	42.140	99.947	99.947	0	2	+
chrI	2098	2128	TAGAGTGGTGGTTGCAGAAGCAGTAGCAGCG	43.340	99.643	0.000	0	2	+
chrI	2129	2158	ATGGCAGCGACACCAGCGGCGATTGAAGTT	45.920	100.000	95.698	0	0	+
chrI	2253	2289	AAGCAGCTCTATTTATACCCATTCCCTCATGGGTTGT	42.020	100.000	0.000	0	2	+
chrI	2290	2323	TGCTATTTAAACGATCGCTGACTGGCACCAGTTC	42.060	99.760	0.000	0	0	+
chrI	2434	2470	ACTGTTTTATGGCGCTTATGTGTATTCGTATGCGCAG	42.170	100.000	0.000	0	2	+
chrI	2471	2502	AATGTGGGAATGCCAATTATAGGGGTGCCGAG	42.110	100.000	0.000	0	0	+
chrI	2575	2611	TTTGGACCCTCGTACAGAAGCTTATTGTCTAAGCCTG	42.170	100.000	0.000	0	0	+
chrI	2612	2642	AATTCAGTCTGCTTTAAACGGCTTCCGCGGA	42.340	100.000	0.000	0	0	+
chrI	2678	2713	AAACGTGTGTTGGGAGTCGTATACTGTTAGGGTCTG	42.120	100.000	0.000	0	0	+
chrI	2714	2747	TAAACTTGTGAACTCTCGGCAAATGCCTTGGTGC	42.730	100.000	0.000	0	0	+
chrI	2751	2787	TACGTAATTTTAGCCGCTGAGAAGCGGATGGTAATGA	42.190	100.000	0.000	0	0	+
chrI	2968	3004	TATTAAAGTTCCGCACAAAGAACGCTTGGAAATCGCA	42.250	100.000	0.000	0	0	+
chrI	3054	3089	AGCCGTTCATTTCCCTTCCGATTTCATTCCTAGACT	42.230	100.000	0.000	0	0	+
chrI	3348	3384	TTTAGAATCTCCCATGTCAACGGGTTTCCATACCTCC	42.170	100.000	0.000	0	0	+
chrI	3413	3449	ACTTCAAATGCCTCTTTTATGCAAGGGGCAAAATCCT	42.290	100.000	0.000	0	0	+
chrI	3589	3625	TAGGTTTGTTGAAACAACTTTCCGATCATTGGTGCCC	42.360	100.000	0.000	0	0	+
chrI	3756	3792	AGTAAACCCACTTGCTGGACATTATCCAGTAAAGGCT	42.180	100.000	0.000	0	0	+
chrI	3812	3847	ACCCAGGTACGAAACGCTAAGAACTTGAAAGACTCA	42.110	96.449	0.000	0	0	+
chrI	4048	4084	CAAATGTGTCTATTTTGTGATGAGGCAACCGTCGACA	42.090	100.000	0.000	0	0	+
chrI	4251	4287	CTGTATTCAATGGTCTACGAATCGTCAATCGCTTGCG	42.060	97.843	0.000	0	0	+
chrI	4291	4326	ATGGCACGAAGAACAATGCAATAGCTCTTACAAGCC	42.340	100.000	0.000	0	0	+
chrI	4798	4834	AATTTGTGAACCCGACCTTACCGAGAAATGATGAGCT	42.530	98.339	0.000	0	0	+
chrI	4838	4873	TTTTATAGGTCGACCCTTCTGTCGCTTACTGGGTTG	42.220	100.000	0.000	0	0	+
chrI	4926	4960	AAAAGTGCATCAACATTCCCAGCCAGAAAATGCAC	42.020	100.000	0.000	0	0	+
chrI	5136	5172	AGCCATCTTAATTTCAATTTCATGCCCTCCTTCACCG	42.090	100.000	0.000	0	0	+
chrI	5686	5722	CTTACAAAGGGCAGACAACTTGAGAACTTTCATGCGT	42.100	100.000	0.000	0	0	+
chrI	5815	5850	CCCCGTTGTCCTTGTTTGCCTTACTGTATAAAGCAC	42.270	100.000	0.000	0	0	+
chrI	5925	5961	AGGCATCGCCGTATTTACTACTTTGTAAACCAGTGGA	42.180	100.000	0.000	0	0	+
chrI	6009	6044	ACTTCTGAGACGTGCAGATGTGATATTCGGGTTTGA	42.200	100.000	0.000	0	0	+
chrI	6045	6074	GCTTGTAGTCAACGAAGCGGGTTCATGGGC	43.170	100.000	0.000	0	0	+
chrI	6425	6461	TCTTAAATAACCCGGATTGGTTAGGTTCAGCCATGCC	42.840	100.000	0.000	0	0	+
chrI	6462	6492	TGGCGCGTACATTGAGGCATTAGAAGATCCG	42.060	99.558	0.000	0	0	+
chrI	6544	6580	TTCCATCAGCTCAATACCGCAGTACTTTGAAACCTGA	42.330	100.000	0.000	0	0	+
chrI	7256	7292	TAAGGTTTCAACGTCTTTTGACGTTGGCTTTTCCACA	42.160	99.559	0.000	0	0	+
chrI	7310	7346	AAGCACAATACCGTTCTTCTTGGCATTGTTCCTTTCA	42.050	100.000	0.000	0	0	+
chrI	7406	7442	TGCAGTGAAAGTAAACCCCTTTAAATACCTGGGAGCT	42.320	100.000	0.000	0	0	+
chrI	7458	7494	ACCAAAACACTTATCCATGCGGTAGATGATTGAGCCA	42.620	100.000	0.000	0	0	+
chrI	7520	7554	AGCTCTAGTTTGAGCATCTCGGCGACAAATATCGT	42.310	100.000	0.000	0	0	+
chrI	7555	7591	TTTGCCAAGAGTATAAAACAGGAGCCATAGCCCAACC	42.970	98.681	0.000	0	0	+
chrI	7594	7630	AACATTGCAGCATAAATGCAAACCATTTGGCTCCTTC	42.100	100.000	0.000	0	0	+
chrI	7631	7660	TGCGACGTCCCAAGCGGCTAATATGGAGTT	43.250	99.295	0.000	0	0	+
chrI	8024	8060	AATAGAATAACAGTTGTATGGGTCACCTGGCAGGGAG	42.060	100.000	0.000	0	0	+
chrI	8063	8099	AAATCCAATAAGGCCCACTACGACAGACACAATAGCG	42.670	100.000	0.000	0	0	+
chrI	8145	8181	TTTAACGATGAATATACGGCTGACTGGATCCCACCAG	42.130	99.016	0.000	0	0	+
chrI	8225	8261	ACGACGCACCATTTCATCATGTTTGTAAAAGGAACCA	42.160	98.575	0.000	0	0	+
chrI	8268	8304	TATTGGTATGCCAAATAACTTGGCGCTTCAAAAGCCC	42.670	100.000	0.000	0	0	+
chrI	8327	8363	CAAGTGTGGTACAGAATTGACATATGCAGCACCAACG	42.430	98.942	0.000	0	0	+
chrI	8370	8406	AGCGACCAACATAAGTCGAGGCTTGGTAAAACATAGT	42.310	100.000	0.000	0	0	+
chrI	8505	8541	AAGCCTAAATCTTCCTTCATTCCCGAAACGTAAGCGT	42.640	100.000	0.000	0	0	+
chrI	8722	8755	AAAATCTCCACCATGGCCTATCGGCTTCATCTCT	42.370	99.983	0.000	0	0	+
chrI	8904	8940	TCTGTTGAATTTAAGTCATCTGGCAGGTCTTCCACCT	42.100	100.000	0.000	0	0	+
chrI	9154	9190	ATATCCTCATCTAAACGCATGTCTCCGCTTGGTTTCT	42.130	100.000	0.000	0	0	+
chrI	9191	9227	TATCTATTTGTGGAGGCACCCGTAGTACTGTGCTTTC	42.040	100.000	0.000	0	0	+
chrI	9314	9350	ATTACATTGGACCATCGGAAAACTGCGCTAACTTTGG	42.240	100.000	0.000	0	0	+
chrI	9353	9389	AACGCCACAGAACGTGATCTGACTATTGTAAAGGTGT	42.360	99.043	0.000	0	0	+
chrI	9390	9423	CATTCGGTAAGGTAAACCTTCAAGGCGTCCACAC	42.210	99.246	0.000	0	0	+
chrI	9684	9720	TTAGTTATGCATTGTGAGTTGGTTGCTCTACTCGCGG	42.840	100.000	0.000	0	0	+
chrI	9977	10012	ACTTTGCATCTTGGCTGCAAAGAAGAATGAATCGGA	42.190	95.999	0.000	0	0	+
chrI	10457	10493	AGAGCTCTTGATTGTCGGAATAGTTCGGGAATTCTGG	42.230	100.000	0.000	0	0	+
chrI	10798	10834	TAAGCTCCTCCCATGGTCTAAGAGTTTCTCCAAACGC	43.410	100.000	0.000	0	0	+
chrI	10908	10943	ATTCCATGTAGAAATGACCTGCAAGTACGAGCTGGT	42.330	100.000	0.000	0	0	+
chrI	11545	11581	TATAAGATGATGCCGTGCGTTTACCATACGATTGCCA	42.550	100.000	0.000	0	0	+
chrI	11609	11644	TGCCATTATTGGTCAACAGACCATTGGCAATACCAA	42.010	100.000	0.000	0	0	+
chrI	11676	11712	AGATCCTATTATGCTACTTGCTGGTGTGCTACGAGGC	43.320	100.000	0.000	0	0	+
chrI	11727	11763	ACTTAACCCGGAAGTTATTAGACTCTTGGTGTTGCCA	42.040	100.000	0.000	0	0	+
chrI	11767	11803	TCGGATACAGAAACAACACTACTGCTGTGACCAATCA	42.080	98.928	0.000	0	0	+
chrI	11804	11833	CATCGGTCGCGGAAGCCGTCTGTGTTTCAG	44.380	99.556	0.000	0	0	+
chrI	11850	11886	AATTGAAGAGGTGACTACTGTTTTCGTCTCAGCAGCT	42.230	100.000	0.000	0	0	+
chrI	11887	11918	CCAGTACTGGTAGTTGTCTCAGCAGCTCCAGT	42.230	100.000	0.000	0	0	+
chrI	11953	11989	TTAGAGCTGACAGACTCTTCATTCGTAGTCTGTGGCC	42.960	100.000	0.000	0	0	+
chrI	11997	12033	TGGATAGACCGTAACAACATCATTCACAGTAGCCGTG	42.270	99.761	0.000	0	0	+
chrI	12034	12063	GCCGTCGAAACAATGGCAGGTGAAGCAGTT	43.330	100.000	0.000	0	0	+
chrI	12064	12096	TCGGAACACACACCAGATTCGCAGGAAGTAACA	42.720	95.194	0.000	0	0	+
chrI	12097	12133	GTAACTAGCGTAGTTTGTTGCCTCGATTCTGTGGTGG	42.930	100.000	0.000	0	0	+
chrI	12134	12170	AAATAGGACACCATGTCGTGTATTCTGTGGTAACGCC	42.610	99.924	0.000	0	0	+
chrI	12180	12215	AGCAGTGCTTATAGATACAATGGCTGGAGAAGCAGT	42.100	100.000	0.000	0	0	+
chrI	12247	12283	ATTGTAACTACTGTGGTTTGCTCTGTTGTCCCCTTGG	42.800	100.000	0.000	0	0	+
chrI	12326	12362	TAGAAATAGGGCACCATGTGGTATACTCTGTTGTGGC	42.160	98.453	0.000	0	0	+
chrI	12363	12392	ACCGCTAACAGTAACGGTGGCCGTGGAAAC	43.980	99.738	0.000	0	0	+
chrI	12393	12428	AATTGCAGAGGAGATGGATTCAGTGCACACATGAGA	42.530	99.608	0.000	0	0	+
chrI	12429	12460	TTCGCAGGATGTCACGGTAACCAAAGTGGTTT	42.050	100.000	0.000	0	0	+
chrI	12474	12510	TGTAGTGGTAGCAGGTGGTAATGAAGAAGCAGTTTCC	42.330	100.000	0.000	0	3	+
chrI	12542	12578	ATGATGAAGTAATTTCCTGACTTGCTGTCGCACTGGT	42.650	100.000	47.432	0	5	+
chrI	12696	12731	AATTTCCTGACTTGTTGTTGCACTGGTAACAGGTGG	42.250	100.000	260.005	0	4	+
chrI	12765	12801	ACTGGTAACAGGTGGTAATGATGAAGCAGTTTCCTGG	42.560	100.000	172.187	0	5	+
chrI	12896	12932	TAGCTGAACTAGTTTCGCTCTCAGAAGAACCAGAGGT	42.520	100.000	0.000	0	0	+
chrI	13200	13236	TTCTGAAGAAGATGATGACAAACTGGATGAGGTGGCA	42.240	100.000	0.000	0	0	+
chrI	13251	13284	AGCAACAATAACGGTTTCGTCAGTTGGTTGACCA	42.150	100.000	0.000	0	0	+
chrI	13287	13322	AGTGCCAGTGACAGTAGTCATCTCAGTAGAAGTCGA	42.240	100.000	0.000	0	0	+
chrI	13332	13368	TGCGATGGTGCTAGTAGTATGTTTTGAAGGATCAGGG	42.260	100.000	0.000	0	0	+
chrI	13378	13414	TTGGGCTGTTAGGTCATCGTCAAAAGAGTAAACGTGC	43.090	99.975	0.000	0	0	+
chrI	13424	13460	TCATCGCTAACAGTAGTAACATCAGGCAATTCCACGC	42.740	100.000	0.000	0	0	+
chrI	13461	13494	TAACTGGCAGTGTATGCCAAGAAACAGCGTTTGA	42.050	100.000	0.000	0	0	+
chrI	13525	13561	AGCATACATATACACAGTCCCTGCAATGTTATCGGGC	42.520	100.000	0.000	0	0	+
chrI	13597	13633	AAAGTTTGTGGATGTAATTGGAGGTTGCTCTTGTGCA	42.080	100.000	0.000	0	0	+
chrI	13634	13663	CAGCATCCGAATGCAACGTCGCCACCGACT	45.910	100.000	0.000	0	0	+
chrI	13667	13703	AGAATTGCAGAGTCATCGACCTTAGCAAACCTGAACG	42.840	98.172	0.000	0	0	+
chrI	13818	13854	TTGAACATTCACTATGACCTCTGCATCCCCAGTTTCC	42.600	98.985	0.000	0	0	+
chrI	13905	13941	AAAGATCGTAGTCAATTGAGAAATCCGTCTGTCCGCC	42.570	100.000	0.000	0	0	+
chrI	13943	13979	ACGGAACCTAATTCCAATTCGAGGCATATCCAGAAGT	42.030	100.000	0.000	0	0	+
chrI	14047	14076	TTTTCCTCGGGTCCGTTGGCAAGCATGCTT	44.400	100.000	0.000	0	0	+
chrI	14077	14109	GTGTACTTCCTGAAACAACATTGGACGTGGCCA	42.290	100.000	0.000	0	0	+
chrI	14139	14175	TGATGAGGCATTTCTTGGTTCGTCAATCAGGTATGGG	42.770	100.000	0.000	0	0	+
chrI	14266	14302	TTTCGATCAGATGTATGCGCAACGATTTGTTTAGCGT	42.080	100.000	0.000	0	0	+
chrI	14361	14397	TTTTGTCGCTGATATCTGCACATGTGAGTAACGCAGA	42.660	100.000	0.000	0	0	+
chrI	14398	14434	TTCCATTGCATTATTACCTTCCCCTTCCCAGAAACGA	42.380	100.000	0.000	0	0	+
chrI	14470	14505	AAAAGGTTACAACCGCATTTTGCGTTTAGGTGCAGC	43.430	100.000	0.000	0	0	+
chrI	14506	14540	GAGACTTACCTTGATGCAGTCCTAAAGGGTCCTGC	42.560	100.000	0.000	0	0	+
chrI	14551	14587	ACGAATCCTATTTGCTTTTGTGCATTCCTAAACGGGC	42.570	100.000	0.000	0	0	+
chrI	14599	14635	TCTTGAGGAACTCCAGGAGAAGATACGATAAGCTCCG	42.460	100.000	0.000	0	0	+
chrI	14728	14764	TGACGTCGTCTGTTGTACTACTTCTTTATCGGTGTGC	42.190	100.000	0.000	0	0	+
chrI	14818	14851	AAAATCTCGTGAGACCTCCGGAATTTTGACGCTG	42.030	98.830	0.000	0	0	+
