chrI	1812	1848	TTGCGATAGTGTAGATACCGTCCTTGGATAGAGCACT	42.340	100.000	100.000	0	2	+	PAU8	1
chrI	1849	1881	GGAGATGGCTGGCTTTAATCTGCTGGAGTACCA	42.720	98.904	98.904	0	2	+	PAU8	1
chrI	1882	1913	TGGAACACCGGTGATCATTCTGGTCACTTGGT	42.840	100.000	100.000	0	2	+	PAU8	1
chrI	1914	1944	CTGGAGCAATACCGGTCAACATGGTGGTGAA	42.090	100.000	0.000	0	0	+	PAU8	1
chrI	1945	1978	GTCACCGTAGTTGAAAACGGCTTCAGCAACTTCG	42.810	100.000	100.000	0	2	+	PAU8	1
chrI	1979	2008	ACTGGGTAGGTTTCAGTTGGGTGGGCGGCT	46.380	100.000	100.000	0	2	+	PAU8	1
chrI	2023	2059	TTGGGCTAAGTGAGCTCTGATATCAGAGACGTAGACA	42.140	99.314	94.573	0	2	+	PAU8	1
chrI	2061	2097	CCAATTCCACCAAGTTGACTCTTTCGTCAGATTGAGC	42.140	99.947	99.947	0	2	+	PAU8	1
chrI	2098	2128	TAGAGTGGTGGTTGCAGAAGCAGTAGCAGCG	43.340	99.643	0.000	0	2	+	PAU8	1
chrI	2129	2158	ATGGCAGCGACACCAGCGGCGATTGAAGTT	45.920	100.000	95.698	0	0	+	PAU8	1
chrI	2575	2611	CAGGCTTAGACAATAAGCTTCTGTACGAGGGTCCAAA	42.170	100.000	0.000	0	0	-	YAL067W-A	1
chrI	2612	2642	TCCGCGGAAGCCGTTTAAAGCAGACTGAATT	42.340	100.000	0.000	0	0	-	YAL067W-A	1
chrI	7256	7292	TAAGGTTTCAACGTCTTTTGACGTTGGCTTTTCCACA	42.160	99.559	0.000	0	0	+	SEO1	1
chrI	7310	7346	AAGCACAATACCGTTCTTCTTGGCATTGTTCCTTTCA	42.050	100.000	0.000	0	0	+	SEO1	1
chrI	7406	7442	TGCAGTGAAAGTAAACCCCTTTAAATACCTGGGAGCT	42.320	100.000	0.000	0	0	+	SEO1	1
chrI	7458	7494	ACCAAAACACTTATCCATGCGGTAGATGATTGAGCCA	42.620	100.000	0.000	0	0	+	SEO1	1
chrI	7520	7554	AGCTCTAGTTTGAGCATCTCGGCGACAAATATCGT	42.310	100.000	0.000	0	0	+	SEO1	1
chrI	7555	7591	TTTGCCAAGAGTATAAAACAGGAGCCATAGCCCAACC	42.970	98.681	0.000	0	0	+	SEO1	1
chrI	7594	7630	AACATTGCAGCATAAATGCAAACCATTTGGCTCCTTC	42.100	100.000	0.000	0	0	+	SEO1	1
chrI	7631	7660	TGCGACGTCCCAAGCGGCTAATATGGAGTT	43.250	99.295	0.000	0	0	+	SEO1	1
chrI	8024	8060	AATAGAATAACAGTTGTATGGGTCACCTGGCAGGGAG	42.060	100.000	0.000	0	0	+	SEO1	1
chrI	8063	8099	AAATCCAATAAGGCCCACTACGACAGACACAATAGCG	42.670	100.000	0.000	0	0	+	SEO1	1
chrI	8145	8181	TTTAACGATGAATATACGGCTGACTGGATCCCACCAG	42.130	99.016	0.000	0	0	+	SEO1	1
chrI	8225	8261	ACGACGCACCATTTCATCATGTTTGTAAAAGGAACCA	42.160	98.575	0.000	0	0	+	SEO1	1
chrI	8268	8304	TATTGGTATGCCAAATAACTTGGCGCTTCAAAAGCCC	42.670	100.000	0.000	0	0	+	SEO1	1
chrI	8327	8363	CAAGTGTGGTACAGAATTGACATATGCAGCACCAACG	42.430	98.942	0.000	0	0	+	SEO1	1
chrI	8370	8406	AGCGACCAACATAAGTCGAGGCTTGGTAAAACATAGT	42.310	100.000	0.000	0	0	+	SEO1	1
chrI	8505	8541	AAGCCTAAATCTTCCTTCATTCCCGAAACGTAAGCGT	42.640	100.000	0.000	0	0	+	SEO1	1
chrI	8722	8755	AAAATCTCCACCATGGCCTATCGGCTTCATCTCT	42.370	99.983	0.000	0	0	+	SEO1	1
chrI	8904	8940	TCTGTTGAATTTAAGTCATCTGGCAGGTCTTCCACCT	42.100	100.000	0.000	0	0	+	SEO1	1
chrI	11609	11644	TGCCATTATTGGTCAACAGACCATTGGCAATACCAA	42.010	100.000	0.000	0	0	+	YAL065C	1
chrI	11676	11712	AGATCCTATTATGCTACTTGCTGGTGTGCTACGAGGC	43.320	100.000	0.000	0	0	+	YAL065C	1
chrI	11727	11763	ACTTAACCCGGAAGTTATTAGACTCTTGGTGTTGCCA	42.040	100.000	0.000	0	0	+	YAL065C	1
chrI	11767	11803	TCGGATACAGAAACAACACTACTGCTGTGACCAATCA	42.080	98.928	0.000	0	0	+	YAL065C	1
chrI	11804	11833	CATCGGTCGCGGAAGCCGTCTGTGTTTCAG	44.380	99.556	0.000	0	0	+	YAL065C	1
chrI	11850	11886	AATTGAAGAGGTGACTACTGTTTTCGTCTCAGCAGCT	42.230	100.000	0.000	0	0	+	YAL065C	1
chrI	11887	11918	CCAGTACTGGTAGTTGTCTCAGCAGCTCCAGT	42.230	100.000	0.000	0	0	+	YAL065C	1
chrI	12064	12096	TGTTACTTCCTGCGAATCTGGTGTGTGTTCCGA	42.720	95.194	0.000	0	0	-	YAL064W-B	1
chrI	12097	12133	CCACCACAGAATCGAGGCAACAAACTACGCTAGTTAC	42.930	100.000	0.000	0	0	-	YAL064W-B	1
chrI	12134	12170	GGCGTTACCACAGAATACACGACATGGTGTCCTATTT	42.610	99.924	0.000	0	0	-	YAL064W-B	1
chrI	12180	12215	ACTGCTTCTCCAGCCATTGTATCTATAAGCACTGCT	42.100	100.000	0.000	0	0	-	YAL064W-B	1
chrI	12247	12283	CCAAGGGGACAACAGAGCAAACCACAGTAGTTACAAT	42.800	100.000	0.000	0	0	-	YAL064W-B	1
chrI	12326	12362	GCCACAACAGAGTATACCACATGGTGCCCTATTTCTA	42.160	98.453	0.000	0	0	-	YAL064W-B	1
chrI	12363	12392	GTTTCCACGGCCACCGTTACTGTTAGCGGT	43.980	99.738	0.000	0	0	-	YAL064W-B	1
chrI	13378	13414	TTGGGCTGTTAGGTCATCGTCAAAAGAGTAAACGTGC	43.090	99.975	0.000	0	0	+	TDA8	1
chrI	13424	13460	TCATCGCTAACAGTAGTAACATCAGGCAATTCCACGC	42.740	100.000	0.000	0	0	+	TDA8	1
chrI	13461	13494	TAACTGGCAGTGTATGCCAAGAAACAGCGTTTGA	42.050	100.000	0.000	0	0	+	TDA8	1
chrI	13525	13561	AGCATACATATACACAGTCCCTGCAATGTTATCGGGC	42.520	100.000	0.000	0	0	+	TDA8	1
chrI	13597	13633	AAAGTTTGTGGATGTAATTGGAGGTTGCTCTTGTGCA	42.080	100.000	0.000	0	0	+	TDA8	1
chrI	13634	13663	CAGCATCCGAATGCAACGTCGCCACCGACT	45.910	100.000	0.000	0	0	+	TDA8	1
chrI	13667	13703	AGAATTGCAGAGTCATCGACCTTAGCAAACCTGAACG	42.840	98.172	0.000	0	0	+	TDA8	1
chrII	325	361	ATCAAATCTACCGTCTGGAACATCATCGCTATCCAGC	42.290	100.000	0.000	0	0	+	YBL113C	1
chrII	362	396	TCTTTGTGAACCGCTACCATCAGCATGTACAGTGG	42.940	100.000	0.000	0	0	+	YBL113C	1
chrII	397	430	TACCCTCGTGTTATCTGCAGCGAGAACTTCAACG	42.720	97.581	0.000	0	0	+	YBL113C	1
chrII	431	467	TTTGCCAAATCAAGCCAATGTGGTAACAACCACATCT	42.460	100.000	0.000	0	0	+	YBL113C	1
chrII	468	504	CCGAAATCTGCTCCAAAAGATATTCCAGTTTCTGCCG	42.240	99.651	0.000	0	0	+	YBL113C	1
chrII	513	549	TATTGTAGAACAGCCCTATCAGCATCGACAGGAATGC	42.290	100.000	0.000	0	0	+	YBL113C	1
chrII	550	580	CGTCCAATGCGGCACTTTAGATGGGGTAACT	42.110	100.000	0.000	0	0	+	YBL113C	1
chrII	581	610	CCCAGCGCAAGCTGATCTCGCAAGTGCATT	44.850	98.585	0.000	0	0	+	YBL113C	1
chrII	620	656	AATTCATATCTGCTCCTCAACTGTCGATGATGCCTGC	42.760	100.000	0.000	0	0	+	YBL113C	1
chrII	657	686	TAAACTGCAGCTTGACGTACTGCGGACCCT	43.120	98.864	0.000	0	0	+	YBL113C	1
chrII	687	716	GCAGTCCAGCGCTCGTCATGGAACGCAAAC	45.130	100.000	0.000	0	0	+	YBL113C	1
chrII	722	756	AAAACTCCAACTTTCTCGAGCGCTTCCACAAAGAC	42.340	96.021	0.000	0	0	+	YBL113C	1
chrII	757	787	CGTATCGTCTTTTGCCTCCCATTCTTCCCGG	42.250	99.752	0.000	0	0	+	YBL113C	1
chrII	810	844	AAAAGTACTGCAGCACCTCTGTCTTCGATTCACGC	43.280	100.000	0.000	0	0	+	YBL113C	1
chrII	863	899	TAATACAACTCTTTGATCTGCCTTCCAGACATGCGGA	42.080	100.000	0.000	0	0	+	YBL113C	1
chrII	900	929	AAACTTGGCTCCCTTGCTTGCCTCTTGTCG	42.880	100.000	0.000	0	0	+	YBL113C	1
chrII	1033	1069	TTTCAAATATCCTACAGGGTCCCCATGATATGGCTCG	42.010	99.392	0.000	0	0	+	YBL113C	1
chrII	1089	1125	TGTATTCCTCATCATTTCGCAGCATTCTCTCCACAGC	42.850	98.723	0.000	0	0	+	YBL113C	1
chrII	1127	1163	AGTGCTTCCCAAGCTATCCTCCGATACGATACTTTCT	42.570	100.000	0.000	0	0	+	YBL113C	1
chrII	1164	1194	GGCCAGCCCAACAGACACAGAGCCCGAACAT	46.910	100.000	0.000	0	0	+	YBL113C	1
chrII	1201	1237	ACAGCCCTTGCATAATCCGTATTGTGTGAATACTCCC	42.640	100.000	0.000	0	0	+	YBL113C	1
chrII	1361	1397	TTTCTCTCTAGGAAAACCATTTGACTCCCTTTCCGCT	42.080	100.000	0.000	0	0	+	YBL113C	1
chrII	1418	1454	TCGGTGACTGGATGGAATCTATTATCCTCAGCATTGC	42.210	100.000	0.000	0	0	+	YBL113C	1
chrII	1455	1486	CATCTTTATTGGCGTCCTCCTTGGCACTAGCG	42.340	100.000	0.000	0	0	+	YBL113C	1
chrII	1487	1521	TTGGTACTTTCAGTGGTAGTGGCATTAGTGCTGGA	42.210	99.936	163.065	0	8	+	YBL113C	1
chrII	1522	1553	GTTGGTGCTAGCAGTGGTAGTGGCATTAGTGC	42.480	98.731	0.000	0	2	+	YBL113C	1
chrII	1554	1584	TGGAGTTGGTGCTAGCAGTGGTAGTAGCACT	42.190	100.000	85.402	0	2	+	YBL113C	1
chrII	1585	1617	AGTGTTGGAGTCGGTACTTTCGGTGGTAGTAGC	42.210	100.000	100.000	0	2	+	YBL113C	1
chrII	1618	1653	ACTAGTGTTGGAGTTGGTACTTTCAGTGGTAGTCGC	42.100	100.000	521.540	0	8	+	YBL113C	1
chrII	1654	1689	ACTAGTCCTGACGTTGATGCTAGCAGTGGTAGTAGC	42.930	100.000	573.031	0	7	+	YBL113C	1
chrII	1690	1726	ATTAGTGTTGGAGTCGGTACTTTCGGTGGTAGTAGCA	42.680	100.000	100.000	0	2	+	YBL113C	1
chrII	1781	1817	CTTTCAGTGGTAGTAGCACTAGTCCTGACGTTGATGC	42.340	98.394	804.252	0	10	+	YBL113C	1
chrII	1818	1849	TGGCAGTGGTAGTAGCACTAGTCCTGACGTTG	42.320	100.000	329.426	0	10	+	YBL113C	1
chrII	1850	1880	GTGCTGGCAGTGGTAGTAGCACTAGTCCTGA	42.330	98.433	145.883	0	8	+	YBL113C	1
chrII	1881	1912	CGTTGGTGCTGGCAGTGGTAGTAGCATTAGTG	42.240	99.953	617.941	0	9	+	YBL113C	1
chrII	1913	1948	CTGGAGTTGGTAGTCGCATTGGTAGTAGCACTAGTC	42.020	100.000	53.777	0	3	+	YBL113C	1
chrII	1949	1978	CTGACGTTGGTGCTGGCAGTGGTAGTAGCA	43.470	99.256	666.337	0	8	+	YBL113C	1
chrII	1979	2012	TTAGTGCTGGAGTTGGTAGTCGCATTGGTACTGG	42.570	100.000	191.423	0	6	+	YBL113C	1
chrII	2015	2051	TTAGTGTTGGAGTTGGTACTTTCAGTGGTAGTCGCAC	42.300	100.000	545.218	0	8	+	YBL113C	1
chrII	2052	2082	TAGTCCTGACGTTGATGCTGGCAGTGGTAGT	42.340	100.000	863.248	0	7	+	YBL113C	1
chrII	2083	2119	AGCATTAGTGCTGGAGTTGGTACTTTCAGTGGTAGTC	42.150	100.000	547.771	0	8	+	YBL113C	1
chrII	2120	2149	GCACTAGTCCTGACGTTGATGCTGGCAGTG	42.570	96.363	837.794	0	10	+	YBL113C	1
chrII	2155	2191	AGCATTAGTGCTGGAGTTGGTACTTTCAGTGGTAGTC	42.150	100.000	547.771	0	8	+	YBL113C	1
chrII	2192	2221	GCACTAGTCCTGACGTTGATGCTGGCAGTG	42.570	96.363	837.794	0	10	+	YBL113C	1
chrII	2267	2303	TTAGTGTTGGAGTTGGTACTTTCAGTGGTAGTCGCAC	42.300	100.000	545.218	0	8	+	YBL113C	1
chrII	2304	2334	TAGTCCTGACGTTGATGCTGGCAGTGGTAGT	42.340	100.000	863.248	0	7	+	YBL113C	1
chrII	2335	2364	CGCACTAGTCCTGACGTTGATGCTGGCAGT	43.630	98.616	583.160	0	10	+	YBL113C	1
chrII	2365	2398	GGTAGTAGCATTAGTGCTGGAGTTGGTAGTCGCA	42.230	97.743	373.759	0	8	+	YBL113C	1
chrII	2399	2432	TTGGTACTGGCATTAGCACTACCATGAATGCACG	42.020	100.000	0.000	0	0	+	YBL113C	1
chrII	2433	2466	TGTCGCTGTCCTCATCACTGCTGCAATACTTTCT	42.720	100.000	0.000	0	0	+	YBL113C	1
chrII	2467	2497	GCACCTGTCACTGCTATTGCTCTCCTGGAAG	42.060	100.000	0.000	0	0	+	YBL113C	1
chrII	2498	2529	CTAGACGGTAACGCAACGATCGACATGGAAGC	42.100	100.000	0.000	0	0	+	YBL113C	1
chrII	2530	2565	TGTCGCCTGATTTTCAGCCAATCTGTCCATTCTTTC	42.170	100.000	0.000	0	0	+	YBL113C	1
chrII	2566	2599	TATCAGTTCCACTGTGTCAGCAGACAGGTCTGTC	42.150	95.252	0.000	0	0	+	YBL113C	1
chrII	2600	2629	CTGGAGCCACAGCATCCAACATGCTGGCCC	46.370	97.981	0.000	0	0	+	YBL112C	1
chrII	2600	2629	CTGGAGCCACAGCATCCAACATGCTGGCCC	46.370	97.981	0.000	0	0	+	YBL113C	1
chrII	2643	2679	TTTGATTCAAGTCCATAGAACTCGCGTACCTGTTCGG	42.500	99.881	0.000	0	0	+	YBL112C	1
chrII	2683	2719	TACAGCCTTCCTTAATCGGTGGTAATTCACCCTTACG	42.070	100.000	0.000	0	0	+	YBL112C	1
chrII	2767	2800	CCCCATCTCTTAGTCTCCCTACGCCTTGAATGAG	42.070	97.167	0.000	0	0	+	YBL112C	1
chrII	2907	2942	TCAGTGACAAACTCCTTTGTGCGAGACACCTTTTCT	42.710	96.243	0.000	0	0	+	YBL111C	1
chrII	2943	2972	GCAGCACCCAAGCTTCCCGTGTATCCATAC	42.610	99.492	0.000	0	0	+	YBL111C	1
chrII	2982	3018	ATACTTTCTCCAAGAGCAGGCCAATTCTTCCACTTCG	42.700	100.000	0.000	0	0	+	YBL111C	1
chrII	3019	3050	TTGGTTGTGCTTGCAACTACAATGGCCTTCGA	42.620	100.000	0.000	0	0	+	YBL111C	1
chrII	3064	3100	TCAAAGAGGGCTAAAAGAAGCTTCAGTGCTTCTTCGG	42.890	100.000	0.000	0	0	+	YBL111C	1
chrII	3118	3154	TTCCAAATTTTATGAACATGCCCTAAAGGCACCTCGG	42.210	100.000	0.000	0	0	+	YBL111C	1
chrII	3172	3208	TTAAACATCCGTGTTGGATAGCTGGATAGACCTCTGC	42.110	100.000	0.000	0	0	+	YBL111C	1
chrII	3209	3241	TGAGATCTTCCGACCGTTTGAGCTCGTTGATGT	42.560	97.635	0.000	0	0	+	YBL111C	1
chrII	3242	3271	CCATCGACTTCTTGGCCAGTCCCGTAAGCC	43.800	100.000	0.000	0	0	+	YBL111C	1
chrII	3272	3301	CAATACGCTGCAACGCAGCATCAGCAACAG	42.570	98.829	0.000	0	0	+	YBL111C	1
chrII	3368	3397	CCCCAAATTGCGACTGCCGGTAGACCTCCG	45.580	98.286	0.000	0	0	+	YBL111C	1
chrII	3428	3464	GGTAACCCAATTTTACGTTGTTGGTCCTAAAGGTGCA	42.050	100.000	0.000	0	0	+	YBL111C	1
chrII	3465	3500	CTCAACAATATTCTCCCACGCAGCTATCCTGTCTGT	42.320	100.000	0.000	0	0	+	YBL111C	1
chrII	3523	3559	TCGTAGATCCCCACGTATAAATCAGTAACGCCATCGC	43.340	99.322	0.000	0	0	+	YBL111C	1
chrII	3570	3606	AATAAAGTTTCTTACAGGGGCCACATTCAAGCAACCG	42.280	100.000	0.000	0	0	+	YBL111C	1
chrII	3607	3636	CGTCGGCCCAACCTGATCATGCAATTAGCA	42.780	99.116	0.000	0	0	+	YBL111C	1
chrII	3637	3671	AGCAACACTGTGTACGGTACAAACAGAAACGACAC	42.040	99.834	0.000	0	0	+	YBL111C	1
chrII	3672	3706	ATATTTCACGTCGCCCTTAGATGCCAGTGCTATCA	42.300	99.452	0.000	0	0	+	YBL111C	1
chrII	3707	3742	AGGGGAGATGAAATAACTCCGTCTTACCATAGCCCG	43.040	98.386	0.000	0	0	+	YBL111C	1
chrII	3743	3772	GTGGGGCCTGTACTGCCACAGAGGGTGTGT	46.460	99.022	0.000	0	0	+	YBL111C	1
chrII	3784	3818	ATTTCATGACATAAGCGCAACTGATGCAAGTCCCT	42.010	100.000	0.000	0	0	+	YBL111C	1
chrII	3819	3851	GAATTCAAAGGAGCTGCCAAAGAGTTTCCGGCC	43.110	98.130	0.000	0	0	+	YBL111C	1
chrII	3852	3883	TGCGACGAGGATATCGTTTGTACTCTTGGGCT	42.400	100.000	0.000	0	0	+	YBL111C	1
chrII	3916	3947	TTTTGATCATGATCTGAACTCGCCGCCTCACC	42.150	100.000	0.000	0	0	+	YBL111C	1
chrII	3948	3977	TGCCACTACGTCTTCCGCATTCCGAGTACT	42.550	100.000	0.000	0	0	+	YBL111C	1
chrII	3980	4016	AGAATGAACAATGGTAGTCGCTTTCAAGGCCTAACCA	42.540	100.000	0.000	0	0	+	YBL111C	1
chrII	4017	4046	TTGAATCCAGCGCTCGGAAGTGAGTCCGTC	43.420	100.000	0.000	0	0	+	YBL111C	1
chrII	4047	4077	AAGCGTCTTTAGTCGAGGCTCCGATGAACCG	43.100	100.000	0.000	0	0	+	YBL111C	1
chrII	4078	4112	TTCTTGTTGTATCGTCGACGTATACGTTGCGCTGT	42.650	97.809	0.000	0	0	+	YBL111C	1
chrII	4274	4310	ACTTTATCTCAGTGGGTTTACGTGGGCATAGATCACG	42.190	100.000	0.000	0	0	+	YBL111C	1
chrII	4311	4342	CTTCAGCCGCTCTGTGTCGACTTTCTTTTCGC	42.870	100.000	0.000	0	0	+	YBL111C	1
chrII	4439	4475	TGGTGCTTTTCTGAAGACTCCTTACAATAGGTGTGCC	42.640	100.000	0.000	0	0	+	YBL111C	1
chrII	4479	4515	AACAAAGTCAGTGAAAGTACGCATCGTAGAGCTGTCG	42.650	100.000	0.000	0	0	+	YBL111C	1
chrII	4516	4545	TTCGGCCTGGCACTCGCTATTTCGTAACAA	42.050	99.947	0.000	0	0	+	YBL111C	1
chrII	4679	4715	TCTTGGGAATAAGATACTTTGAAGGGATTGGTCCGCC	42.370	99.413	0.000	0	0	+	YBL111C	1
chrII	4716	4752	CTGGAAATCTGGTTCGTCTTCAACAAACGTCAGGAAC	42.160	100.000	0.000	0	0	+	YBL111C	1
chrII	4847	4883	TTAGACCAGACTTTTCGTCTTCGTAGAATGACCGCAC	42.260	99.839	0.000	0	0	+	YBL111C	1
chrII	7622	7655	AGATACCGTCCTTGGATAGAGCACTGGAGATGGC	43.240	97.660	97.660	0	2	+	PAU9	1
chrII	7656	7689	TGGCTTTAATCTGCTGGAGTACCATGGAACACCG	43.000	99.687	99.687	0	2	+	PAU9	1
chrII	7690	7724	GTGATCATTCTGGTCACTTGGTCTGGGGCAATACC	43.130	100.000	93.644	0	2	+	PAU9	1
chrII	10008	10044	TATTTTGCTCGCAGTTTTGCCTTAAAATGCCCTCTGT	42.430	100.000	0.000	0	0	+	MIX23	1
chrII	10070	10106	TTTCTATTATTTGCCACCCACTCTGTCACCTTCGTCC	42.510	100.000	0.000	0	0	+	MIX23	1
chrII	10114	10150	ATATTGAGCTTCCTGTTTCTCCGCTCTTTCTCTTGCA	42.370	100.000	0.000	0	0	+	MIX23	1
chrII	10155	10191	AAGGATCAATTCTTGCGTCTATAAGTGGTTCCGCAGT	42.370	100.000	0.000	0	0	+	MIX23	1
chrII	10201	10235	ATTATTACCGCACTGCTGATCGGTCTCGTTCTTCA	42.290	100.000	0.000	0	0	+	MIX23	1
chrII	10422	10458	TCAAGCTTGGATCAACACATCTTTCTCGCGTAACTGT	42.660	100.000	0.000	0	0	+	MIX23	1
chrII	10496	10532	AGATTTGTTTCAAGTAAGCTTTGGGGTGCCGTAAACG	42.440	100.000	0.000	0	0	+	MIX23	1
chrII	10850	10884	AAAACCTACAGCGCTCTTCATCATATCCCTTCCCG	42.630	100.000	0.000	0	0	+	SRO77	1
chrII	10885	10921	TTTCTTCCATTGCGTCATTCATGGTTTGTCCCATTGT	42.300	100.000	0.000	0	0	+	SRO77	1
chrII	10941	10977	GTGGTTTCTACCGTGTCTAAACGAGTTTCAATTGCCC	42.210	100.000	0.000	0	0	+	SRO77	1
chrII	11003	11039	TCCATTACTTCTTCCAGAGCTTCTTACAGGTCTGGCA	42.830	100.000	0.000	0	0	+	SRO77	1
chrII	11040	11074	TACCTGTGATCTTCCGTACCGGGAGGTAACTTTCT	42.490	100.000	0.000	0	0	+	SRO77	1
chrII	11084	11120	ACTACTACTGGAAGATATGCATCCTCGAGCAATTGCG	42.230	100.000	0.000	0	0	+	SRO77	1
chrII	11121	11157	CTTTCCTCATACTTCGATTCGGGCCTTTCTATACCGC	42.530	100.000	0.000	0	0	+	SRO77	1
chrII	11195	11231	AGTTCCTCTAGCCCATTGTAAGGAATTCACTTGAGGC	42.320	100.000	0.000	0	0	+	SRO77	1
chrII	11280	11316	TGTTGTGATATGTCAGCAGTATGATTCGTTCCGGTGG	42.610	100.000	0.000	0	0	+	SRO77	1
chrII	11329	11365	GTACTGAAATCAAAGAGGCTTGGAATTTCCCTGTGCG	42.360	100.000	0.000	0	0	+	SRO77	1
chrII	11395	11431	ATGAATTTTCAACGTATTGAGCGCTTAGAGGGACCGG	42.940	99.410	0.000	0	0	+	SRO77	1
chrII	11563	11599	ATCCACTAGTGGCAATTGGATACTTGAAAAGCGCATG	42.170	100.000	0.000	0	0	+	SRO77	1
chrII	11614	11650	TACCTGGTGATACTAAACGAATGTCATTTGCGCCACT	42.480	100.000	0.000	0	0	+	SRO77	1
chrII	11658	11694	ACAAATCCAGGTATTGCGATACCCTTGCTTAAACCCT	42.540	100.000	0.000	0	0	+	SRO77	1
chrII	11819	11855	AGTTGCAGGCAGTATTTTGAAAGTCATCAATTCCCCG	42.290	100.000	0.000	0	0	+	SRO77	1
chrII	11891	11927	CCCATCATCTCCATATTCCATGACGCAAAAGTGAACG	42.130	97.248	0.000	0	0	+	SRO77	1
chrII	11970	12006	TTTTCATTGAAGATTATAGCCGGGCCTCTTCTGTCCA	42.190	100.000	0.000	0	0	+	SRO77	1
chrII	12012	12048	ATTAAGGTTCCTTCAATGAAACCAACGGCAACGAACC	42.490	100.000	0.000	0	0	+	SRO77	1
chrII	12104	12140	ACTTGGTATAAAGCCTTGTTTAACGTTCGTAGGCCCT	42.350	100.000	0.000	0	0	+	SRO77	1
chrII	12187	12223	ATCTGCTAAACTTCAATTGCAGTGCATCGCTTTTGGG	42.860	100.000	0.000	0	0	+	SRO77	1
chrII	12258	12294	AAAAGAATAACATCCCCAACCTCAGATGATACCGCCA	42.240	99.035	0.000	0	0	+	SRO77	1
chrII	12380	12416	TACAGCGTTGTCAGTTACTTCACTGTGTGAAGCATCC	42.740	99.667	0.000	0	0	+	SRO77	1
chrII	12437	12473	ACTATGCCCAGTTAGTAAAGCAGATCTGGTCTCATGC	42.150	99.658	0.000	0	0	+	SRO77	1
chrII	12511	12547	AAAACGATTCACTTTGAGCGATTGTCATCATCCCCAG	42.080	100.000	0.000	0	0	+	SRO77	1
chrII	12563	12599	AACTGATTGCGCTATACAAGTAGTAACCGTTGGTCGA	42.050	99.059	0.000	0	0	+	SRO77	1
chrII	12600	12630	ACCCATGCTAAGCTCCGAGGGAAAATGGAGG	43.180	100.000	0.000	0	0	+	SRO77	1
chrII	12643	12679	AAGAGCCTGCTGGGTATATCAATGTTTCAAGTTCGCC	43.050	99.930	0.000	0	0	+	SRO77	1
chrII	12700	12736	TGAGGTTTGTGTCATGGCATCCACCAAAATATGGAGA	42.660	100.000	0.000	0	0	+	SRO77	1
chrII	12737	12773	AGCCTTCGGCAAGGGTAGAAAATTTATTAGTGGAGCT	42.350	100.000	0.000	0	0	+	SRO77	1
chrII	12797	12833	TTGTTGAACCGGTTTAGCATAGTACTTGCTCATTGCG	42.120	100.000	0.000	0	0	+	SRO77	1
chrII	12834	12868	TCAAATGATGTCACAGAATACATTGGTGTGCCGCC	42.410	98.718	0.000	0	0	+	SRO77	1
chrII	12924	12960	GCAATCAACAACGATGTATACTCAGGATTACGCTGGC	42.040	98.999	0.000	0	0	+	SRO77	1
chrII	12982	13018	TAGCGGGTGTTTCTGTAAAGGAACAGTCTTTCAAGGC	42.860	100.000	0.000	0	0	+	SRO77	1
chrII	13054	13090	TTCTAGCGTGAATCAGTTTACCGCTATTGACATCCCA	42.040	100.000	0.000	0	0	+	SRO77	1
chrII	13138	13174	TTGGGTGATAAAGTGACTGAATGACCTTTGGAGTGCG	42.910	100.000	0.000	0	0	+	SRO77	1
chrII	13175	13211	TTTCTTTTCTATGTTTGTGGATAGATCACCGCCCGGA	42.250	100.000	0.000	0	0	+	SRO77	1
chrII	13428	13464	TAGATCAATATGGATCCACTCTCGAGGCCAATCAGCA	42.680	99.680	0.000	0	0	+	SRO77	1
chrII	13469	13505	ATCCAAGGACGGATCAGTCTCAATACAAGTGATGCTG	42.250	100.000	0.000	0	0	+	SRO77	1
chrII	13656	13691	ATTTGCTTTTGCCCATAAACATGTATCTCCCCAGCA	42.080	100.000	0.000	0	0	+	SRO77	1
chrII	13697	13733	TGCAACTGCCAAAAGGCTTTGAGTATAGTCGAATGTG	42.160	100.000	0.000	0	0	+	SRO77	1
chrII	13800	13836	ATACCATTTGAGACGTCATGAACTCTCGCGGATTTGA	42.290	96.851	0.000	0	0	+	SRO77	1
chrII	14267	14303	AGGAAAATCCTCTAAACTCTTCTTGCTGGCTCGTTGT	42.330	100.000	0.000	0	0	+	PKC1	1
chrII	14304	14335	CAAAACAGAGGGCAGAGGTGTAAGTGTGGGTG	42.270	100.000	0.000	0	0	+	PKC1	1
chrII	14379	14415	AGATTTAATTTCTGGGATGTAGGGTGGTTTCACGCGA	42.410	100.000	0.000	0	0	+	PKC1	1
chrII	14443	14479	TTACGGAAGAAAGGTTCTTCCATAACTTCGTCTGCGT	42.190	100.000	0.000	0	0	+	PKC1	1
chrII	14480	14509	CCCTGGGACCAGCACCCAACCTCTTTTCAG	43.940	100.000	0.000	0	0	+	PKC1	1
chrII	14602	14638	ACTTCATCTTCGTCATCTCCTGAGAATGGAGATTGGC	42.120	99.631	0.000	0	0	+	PKC1	1
chrII	14639	14673	ACAGTAGCATTTGATATAGCAGCACCCCAAATGCC	42.130	100.000	0.000	0	0	+	PKC1	1
chrII	14714	14750	TTTCTGGAGCCATAAATTCTGGTGTGCCACAAAATGT	42.170	100.000	0.000	0	0	+	PKC1	1
chrII	14872	14908	TCATGAAAATATTTCAGAGCCAGTAAGACCTCGGCGG	42.530	98.611	0.000	0	0	+	PKC1	1
chrIII	6544	6580	TTTCCTCATCTGGCAAGACAACCAAACCATCTTCAGT	42.700	100.000	0.000	0	0	+	GEX1	1
chrIII	6581	6617	GAATTCTTCGTGTGTCGCCTTGTCTATTAGTTCCGGG	42.820	100.000	0.000	0	0	+	GEX1	1
chrIII	6625	6661	TGAACATTGTAAACGCAAAGAACGGTACCGTACATGC	42.310	100.000	0.000	0	0	+	GEX1	1
chrIII	6694	6730	ATCTGTAAGATTCAACCACAGCATCTCTTTCGGGTGA	42.060	100.000	0.000	0	0	+	GEX1	1
chrIII	6792	6828	TCGTTTCCAAGGTTCTTGTAGAGTTGGTTAGGCATGG	42.620	100.000	0.000	0	0	+	GEX1	1
chrIII	6829	6859	TTTGTGTCCATATGGCACCAGAAACGGAGGC	42.480	100.000	0.000	0	0	+	GEX1	1
chrIII	6860	6894	ACCGATAGCAGCGCCTAGCTTTGAAAAGGTATACT	42.260	100.000	0.000	0	0	+	GEX1	1
chrIII	6895	6928	GGATGCCGGTTATTACAGCCATCCTACTATGCGT	42.620	100.000	0.000	0	0	+	GEX1	1
chrIII	6929	6963	AGTCATGGCTTGCAGTATGACGATCACTGAATTGC	42.080	99.494	0.000	0	0	+	GEX1	1
chrIII	6964	7000	TGCATAGGAGACCACTCAAACCCATGATAACAGATGC	42.480	99.878	0.000	0	0	+	GEX1	1
chrIII	7001	7033	AGCGATAACACCTTCATGAGACCCAGATCCTCC	42.170	97.401	0.000	0	0	+	GEX1	1
chrIII	7047	7076	AAAAGGCCCATGCACACCATCCATGCAGCA	44.830	100.000	0.000	0	0	+	GEX1	1
chrIII	7089	7125	ACAGAAAGTTTCAGTTTCCTTGTCTTTGCCACCAACA	42.100	93.101	0.000	0	0	+	GEX1	1
chrIII	7127	7163	ACTGTAGAATGGAGATGCAGTAGCAGCAACAAAGTCA	42.320	100.000	0.000	0	0	+	GEX1	1
chrIII	7164	7195	GGAAGGTTTACTATCCGAGCAGCCGAAGTGGA	42.640	100.000	0.000	0	0	+	GEX1	1
chrIII	7268	7300	AAAAGTAACACCAAGGGGTGCCCAAATTCCACG	42.810	98.787	0.000	0	0	+	GEX1	1
chrIII	7313	7349	TTTGAACGGTAGAAGAGGAGATTTGGCAAATTTGGCC	42.280	100.000	0.000	0	0	+	GEX1	1
chrIII	7410	7446	GAATTGTGCCACTTCTGTGATGTCTCATTAGCCAACG	42.300	100.000	0.000	0	0	+	GEX1	1
chrIII	7447	7478	TCAAAGGGACAAGGATACACCCTAGCGACACA	42.130	100.000	0.000	0	0	+	GEX1	1
chrIII	7530	7566	TTCTCAAATAATCCGCCCGTTCTTTCCTTTCTAGCCT	42.280	100.000	0.000	0	0	+	GEX1	1
chrIII	7633	7669	TAATTGGCAAGGCAGAGAGTGGGTAAATAAAAGCCCA	42.700	100.000	0.000	0	0	+	GEX1	1
chrIII	7750	7786	ATGGCCAATATGAGGCGTACTGGTAAAACATTCTCCA	42.370	100.000	0.000	0	0	+	GEX1	1
chrIII	7813	7849	TTAATGTCAGGAGCAGATTTGTTCCGACGTATCCACA	42.150	100.000	0.000	0	0	+	GEX1	1
chrIII	7853	7889	ATAGAAAACCGATCCTGCTGCATACATTGTGAGACGG	42.680	98.732	0.000	0	0	+	GEX1	1
chrIII	7944	7979	AAAAGCCTTAGTCTTCCGAAGTGGTCAGAGAGTCTG	42.010	100.000	0.000	0	0	+	GEX1	1
chrIII	7980	8015	GAGTAGACAACTTGGGATCCGACACTTACAACAGCA	42.300	96.337	0.000	0	0	+	GEX1	1
chrIII	8039	8075	TAAGGAGTGTTCTGAATATGAGTTCGTCGCATAGCCC	42.030	99.262	0.000	0	0	+	GEX1	1
chrIII	8213	8249	CGATGTCATAGAGTACGTGTCATCGTTTGAGTGACGT	42.040	96.267	0.000	0	0	+	GEX1	1
chrIII	8250	8286	TCTCGCTCAATAATCTCACAGGACTGCCTAATTCCAC	42.070	100.000	0.000	0	0	+	GEX1	1
chrIII	9711	9747	CCCAACACTAGCAACAACTCTACCGACAATGAGCATA	42.450	100.000	0.000	0	0	-	VBA3	1
chrIII	9748	9782	CCAATAACAAAGCAAAGCGTTTGAAGTCCGCTTCC	42.140	100.000	0.000	0	0	-	VBA3	1
chrIII	9783	9816	CAATGGACGTGACCTTTCACCAACCATCGTACAA	42.020	100.000	0.000	0	0	-	VBA3	1
chrIII	9818	9854	GCAGCTACAGCAAATGCACAACTTAGGATGGAAATCA	42.280	100.000	0.000	0	0	-	VBA3	1
chrIII	9856	9891	GGTTGTAAAGGCACCTCCGATTATAGGACCAACGAT	42.360	99.400	0.000	0	0	-	VBA3	1
chrIII	10088	10124	GAGCAGAGGGCAAAACCAAAGAAGTCAAACTTGAAGA	42.140	99.623	0.000	0	0	-	VBA3	1
chrIII	10125	10154	AGCCCCAGTAGGAAAAGGACCAGCCCTGCA	46.140	99.626	0.000	0	0	-	VBA3	1
chrIII	10175	10211	ACCAAATATGCGATGACTTGGCCAGAGTTCCAACTAT	42.490	100.000	0.000	0	0	-	VBA3	1
chrIII	10271	10307	AGAGGCCTGTAGGATATATTATCAGGTTCCGGGTTGA	42.130	98.720	0.000	0	0	-	VBA3	1
chrIII	10375	10411	ACTGGACAGAGTATATCATTTGCCCATTGTAACCGGT	42.040	100.000	0.000	0	0	-	VBA3	1
chrIII	10413	10449	GGCTTTCCATGCACTCGACGCAAATATAAGTTGGAAA	42.360	100.000	0.000	0	0	-	VBA3	1
chrIII	10463	10499	GCAATGGCCGCAATAACGTTGGTAATAACGATTGGTA	42.390	100.000	0.000	0	0	-	VBA3	1
chrIII	10544	10580	CCTGCTCCAATTACCCCAAGAACGCCTCCAAATATTA	42.700	100.000	0.000	0	0	-	VBA3	1
chrIII	10603	10637	AGCAAAACACCAATTTGAGTTGACTTCGTGGACGT	42.350	98.778	0.000	0	0	-	VBA3	1
chrIII	10638	10673	GCTTGTAGAGCAAATCCAAGGGAAAACCCCGGTAAT	43.220	100.000	0.000	0	0	-	VBA3	1
chrIII	10675	10711	GATCTTTGGTAATTTGAAGCTGTGCACTCATGAGCGA	42.020	100.000	0.000	0	0	-	VBA3	1
chrIII	10760	10796	AGCACACCACCAAGAGTTGTACCTAATGACTTCATGA	42.030	100.000	0.000	0	0	-	VBA3	1
chrIII	10810	10844	GCTCGTGATACTTTGTTGTGAAAGGAGGCGGAAAA	42.260	98.617	0.000	0	0	-	VBA3	1
chrIII	11556	11592	TTGTGGGATAGGATAGTAGCAACTCTTGGAGGAGAGC	42.600	100.000	0.000	0	0	+	YCL068C	1
chrIII	11645	11677	GGGGATGGCTTTTGCCATTTGTGAGAGTTGTGC	43.510	100.000	0.000	0	0	+	YCL068C	1
chrIII	11745	11781	GTAAATCGTCCTGTCCCATTACGAGCTGTAGTAGTGC	42.240	99.846	0.000	0	0	+	YCL068C	1
chrIII	11842	11878	TTCCTGAGTTGCATGTTGGATTGAGTTTACGAAGGGT	42.650	100.000	0.000	0	0	+	YCL068C	1
chrIII	11881	11910	CCAGACGGCCAGAAACCTCCAGGCGGAGTT	46.560	99.010	0.000	0	0	+	YCL068C	1
chrIII	11911	11947	AACAACTAGTAATACGGCATCCATGTTTGCATCAGCG	42.070	100.000	0.000	0	0	+	YCL068C	1
chrIII	11948	11984	CCGAGCCTATACCAGTCACTGAGTAGACGTTTTCTTG	42.040	99.355	0.000	0	0	+	YCL068C	1
chrIII	12016	12045	GGGGCATTCTCTAGAGACACAGGCAGTTGC	42.200	99.248	0.000	0	0	+	YCL068C	1
chrIII	12046	12075	TTCCAGCAACTGCCGTACGGCCGTTCTCAT	45.150	100.000	0.000	0	0	+	YCL068C	1
chrIII	12179	12215	TTAACTCTTCTTGAGACAATTTGGCCCTGGATAGCGA	42.090	100.000	0.000	0	0	+	YCL068C	1
chrIII	12216	12249	AGCGTGCGGTTACAAATAGGTCGTCTTGTTCAAG	42.100	100.000	0.000	0	0	+	YCL068C	1
chrIII	12411	12440	TCACCGCTCAAGAGGTCCGCTAATTCTGGA	42.480	100.000	0.000	0	0	+	HMLALPHA2	1
chrIII	12534	12570	AGGCCCTTGGTATCTAGATATGGGTTCTCGATGTTCT	42.260	100.000	0.000	0	0	+	HMLALPHA2	1
chrIII	12654	12690	TCTTGAGTTACCACATTAAATACCAACCCATCCGCCG	42.710	100.000	0.000	0	0	+	HMLALPHA2	1
chrIII	13368	13398	GCTTGGCCTCACATGCTCAGCTAGACGTTTT	42.560	100.000	0.000	0	0	-	HMLALPHA1	1
chrIII	13571	13607	CCGGAGCCAAACTGTGAGTAATATGCTCTAAAAGCCA	42.700	100.000	0.000	0	0	-	HMLALPHA1	1
chrIII	13615	13651	GCCATTCTTCAGCGAGCAGAGAAGACAAGACATTTTG	42.420	98.080	0.000	0	0	-	HMLALPHA1	1
chrIII	13652	13681	CCCATATTCCGTGCTGCATTTTGTCCGCGT	43.280	100.000	0.000	0	0	-	HMLALPHA1	1
chrIII	13750	13786	CATCTTCCCAATATCCGTCACCACGTACTTCAGCATA	42.070	100.000	0.000	0	0	-	HMLALPHA1	1
chrIV	1832	1868	GGGATTCGAGCTGTTTGAAGGATAACACATCTACGCT	42.490	99.251	0.000	0	0	-	COS7	1
chrIV	1934	1970	GCCATAATAGCATCCAGATGCGAAACGCTAAGGACTT	42.900	100.000	0.000	0	0	-	COS7	1
chrIV	1972	2007	CAATTGTTGGAAAGTTTCCACCAGACGCTAAGTGGT	42.220	100.000	0.000	0	0	-	COS7	1
chrIV	2013	2049	CCCAGAAACAGGACCAGAAGTGAAACTATAAGTGGGT	42.080	100.000	0.000	0	0	-	COS7	1
chrIV	2138	2174	CGACTTCCCAATCATGAGGATCAGAACTTGGTGTGTT	42.650	99.896	0.000	0	0	-	COS7	1
chrIV	2308	2344	AGGGACAGAATCCTTAAATGACTTAACCTTGGCAGCT	42.200	100.000	0.000	0	0	-	COS7	1
chrIV	2349	2385	TCAAATCCTGTAGCATACACTTGCAAAGCCTCTTCGA	42.470	100.000	0.000	0	0	-	COS7	1
chrIV	2413	2442	TCTTCCAGGCCAACAGGGCTCCATGATTTT	42.030	100.000	0.000	0	0	-	COS7	1
chrIV	2443	2477	GCTTGGACCGATGAATATCCTTGGGAAGCTGAACG	43.370	100.000	0.000	0	0	-	COS7	1
chrIV	2564	2600	ACAATCCAGGACACAAGATACGAAATGCAAGGCAAAA	42.090	100.000	0.000	0	0	-	COS7	1
chrIV	2605	2641	CGTCCTCATATTTTGGAAAAGCCACACCATCATGAGG	42.170	100.000	0.000	0	0	-	COS7	1
chrIV	2693	2728	GTCCCATCCATTCGCACCACTTTCTTGCTCATTTAT	42.110	100.000	0.000	0	0	-	COS7	1
chrIV	2825	2858	TCTTTGCAGATAGAAGGCGGTAGAAGAAGTGGCT	42.150	100.000	0.000	0	0	-	COS7	1
chrIV	2893	2927	TGCGGGACAATTGCGCTTCTTTAATATATGGCCAT	42.130	100.000	0.000	0	0	-	COS7	1
chrIV	6030	6066	GCGACTTAGCCTTTCCTGGGTATACATTCGAGTCACT	43.210	100.000	0.000	0	0	-	MPH2	1
chrIV	6109	6145	TCCGGACTGAACTCAACATGAACAATATCTAAGCCGT	42.020	100.000	0.000	0	0	-	MPH2	1
chrIV	6179	6215	CTCCTTGGCATCCTCAGTAGCGTCAAATATCTCTGTT	42.090	98.811	0.000	0	0	-	MPH2	1
chrIV	6216	6248	CGCAAGTGGCATTCCTCTTTCACTTTCGTCTGC	43.060	96.163	0.000	0	0	-	MPH2	1
chrIV	6249	6283	CAAGCTGCTGCCTTGGGATATGTATTCAATGCTGT	42.260	100.000	0.000	0	0	-	MPH2	1
chrIV	6307	6343	GCTCCAAGAATAGCTGTGTCGTACCCTTCCATGATTA	42.110	100.000	0.000	0	0	-	MPH2	1
chrIV	6389	6425	CCATGACGCTGAAATTTCCCATTCTCCAGTTTTGTCA	42.240	100.000	0.000	0	0	-	MPH2	1
chrIV	6430	6466	ACAATTTCACCTGCCATATAACATAAGGTCAGCCCGA	42.370	100.000	0.000	0	0	-	MPH2	1
chrIV	6469	6498	GATCCACGGAGGGCCCCGTTAGCTGTAGCC	46.460	98.689	0.000	0	0	-	MPH2	1
chrIV	6565	6601	TGTCCCACAGCAATCATGCCTAAACTATTGCAAAAGT	42.010	100.000	0.000	0	0	-	MPH2	1
chrIV	6602	6631	AAACAACCCCATGGCATCCCGCACAATGCT	44.810	100.000	0.000	0	0	-	MPH2	1
chrIV	6633	6669	GGCATATTTCAGAAGCGTAAGACACCGTCAAACACTG	42.210	99.952	0.000	0	0	-	MPH2	1
chrIV	6792	6828	GAACTGGCAAAATCCACTGTAGGGCAAATGGTAGTTT	42.150	100.000	0.000	0	0	-	MPH2	1
chrIV	6896	6932	GCCGCTTAAAGTTCTTCTAAGTGATCTCCTTGCCTCA	42.470	100.000	0.000	0	0	-	MPH2	1
chrIV	7057	7093	GCCCAGCAGAGACAAGTAATTCTCGTTCTTCTTCGAT	42.410	98.905	0.000	0	0	-	MPH2	1
chrIV	7143	7179	TGAAGGACATTTCAGTACTAACGCCAGCCTTTTCGTA	42.240	100.000	0.000	0	0	-	MPH2	1
chrIV	7202	7238	CGCCCACCAAGATAGAAATGTAGCACAAATACCGAGA	42.510	100.000	0.000	0	0	-	MPH2	1
chrIV	7257	7293	TGGTTTGGAAGGCTAGTCCAAAAGCGTAAAGGTCATA	42.370	100.000	0.000	0	0	-	MPH2	1
chrIV	7300	7334	CGTACTTGAGCACCCCAAACCGCCAATAATGAAAA	42.540	100.000	0.000	0	0	-	MPH2	1
chrIV	7336	7372	GCCATTAAAAGAGAACCACTTCCCATTTTGGAACCGT	42.290	100.000	0.000	0	0	-	MPH2	1
chrIV	7518	7554	CGCCCCAGTTCCACTTCTTAGAGTTCAGTTGGTATAA	42.030	100.000	0.000	0	0	-	MPH2	1
chrIV	7593	7628	AGTTTCTGGTAGGTCAACCACAGCCCAGATTAAAGT	42.180	100.000	0.000	0	0	-	MPH2	1
chrIV	7728	7760	CCTTGGGGTCGTTATGAGAGACGTCTTTAGGGG	42.390	96.929	0.000	0	0	-	MPH2	1
chrIV	7767	7803	GGGATACATTGCTATTCCTCTGCAATGGAAGCTTCGA	42.650	98.251	0.000	0	0	-	MPH2	1
chrIV	8701	8737	AATAGTCTTGACTACCTCTCCACCATGGGCAATGTTG	42.310	100.000	0.000	0	0	+	SOR2	1
chrIV	8777	8813	TGGGTTATCAATGGCTTGACATTGACTTTTCCTGTGG	42.010	100.000	0.000	0	0	+	SOR2	1
chrIV	8814	8846	CAACCAAGTTCACAGCGTCACGATAATCACCGA	42.020	96.340	0.000	0	0	+	SOR2	1
chrIV	8919	8952	TTTTACCCATACCGACTTGCACCATGGTACCTCC	42.720	97.705	0.000	0	0	+	SOR2	1
chrIV	8953	8989	AACCTTAGTTGTTTTGACAGCGGCATCAATGCAAACA	42.770	100.000	0.000	0	0	+	SOR2	1
chrIV	8990	9021	TCAGCACCTGAACACTCAAACACCACATCTGC	42.380	100.000	0.000	0	0	+	SOR2	1
chrIV	9022	9051	GTGATTTCCGCCCAAAAGCTTTTGGACCCC	42.290	100.000	0.000	0	0	+	SOR2	1
chrIV	9052	9081	ATCGGCCAAGTCTTGGGCTTTATCGGTGGA	43.210	100.000	0.000	0	0	+	SOR2	1
chrIV	9082	9116	AAACTGGGAAGAATTGAAAGTGTTTGTGGCTCCGA	42.030	98.549	0.000	0	0	+	SOR2	1
chrIV	9122	9158	TTTGCTCTCTGTAGCTTGTTGTCGAATACATCGACGA	42.120	98.382	0.000	0	0	+	SOR2	1
chrIV	9159	9188	AAATGACGTCGGTGGCACCAAAAGCGCGGG	46.680	100.000	0.000	0	0	+	SOR2	1
chrIV	9189	9218	CGACTGCGCCAGTTAAAAGCCCCACAGGAC	44.590	98.519	0.000	0	0	+	SOR2	1
chrIV	9219	9254	CTGCACCAAATACAACAACTTTGGTACCAAAGCGGA	42.540	100.000	0.000	0	0	+	SOR2	1
chrIV	9270	9306	TAGAGTGTACACCGACTGATAAGGGTTCGACACAAGC	43.050	94.832	0.000	0	0	+	SOR2	1
chrIV	9307	9336	GCCCTCTTCATAACTGACGCCTTCTGGCAA	42.190	100.000	0.000	0	0	+	SOR2	1
chrIV	9369	9405	ACTTCACAAGAGTACCATCAATTGGAGGAGTTGCAGC	42.810	99.885	0.000	0	0	+	SOR2	1
chrIV	9406	9442	AAATGCCATATGTGGGCAAAGGTTATAGCTCCCTTCT	42.520	100.000	0.000	0	0	+	SOR2	1
chrIV	9443	9476	TTGGTCTCATCAGAGTAACGGCTAGGAACACCAG	42.070	99.209	0.000	0	0	+	SOR2	1
chrIV	9477	9510	GTTCAATAGCAACACGGTCACCAACTTTGACCCT	42.220	100.000	0.000	0	0	+	SOR2	1
chrIV	9511	9540	TGTGACGGCATCACCAACTTCCACAACCTG	42.610	100.000	0.000	0	0	+	SOR2	1
chrIV	9541	9573	TCCGCTTGATTCATGACCTAAAACCATTGGCGC	42.790	98.034	0.000	0	0	+	SOR2	1
chrIV	9619	9652	ATCAGAGCCGCAGATACCAGTGGCTTTAATAGCT	42.290	98.958	0.000	0	0	+	SOR2	1
chrIV	9667	9700	GGGGTCCTTAATGGTAGGGATTGGTCTTTGCTCG	42.950	100.000	0.000	0	0	+	SOR2	1
chrIV	9701	9737	ATGGCAATATCGCCGACTTTCTCTAGAACTACTGCAG	42.190	100.000	0.000	0	0	+	SOR2	1
chrIV	11688	11724	TCTTTCCAGCTTTTCTTCTTAGCCTCAGTTTCCCTGG	42.540	100.000	0.000	0	0	+	HXT15	1
chrIV	11725	11754	AAGAAGCTCCTCTCCTTGAGGGTGGTACCC	42.270	96.591	0.000	0	0	+	HXT15	1
chrIV	11980	12016	TTGCTTTAGATTTGACCTTCGAAGGGAATGACTCGGC	42.930	99.948	0.000	0	0	+	HXT15	1
chrIV	12017	12048	AACCACAATATAAGCAACAGGGGCCCATGTCG	42.330	100.000	0.000	0	0	+	HXT15	1
chrIV	12066	12102	TAGAAGCATGTGAACACAATCATGGCATTACCTGCAC	42.120	100.000	0.000	0	0	+	HXT15	1
chrIV	12103	12133	CTTTCGAGGATGGACCATCCTGGCCATGAGG	43.330	99.502	0.000	0	0	+	HXT15	1
chrIV	12147	12183	ACCCCGATACTTGCAAATATGACCATACAAGCCATCA	42.410	100.000	0.000	0	0	+	HXT15	1
chrIV	12184	12218	TTGAAGCCGCTCCGAATAACAGACATTTACGACGG	43.140	97.458	0.000	0	0	+	HXT15	1
chrIV	12263	12299	ATTCACTGTACCTAGGACGATCGAAGTCTCAAACCCA	42.570	93.781	0.000	0	0	+	HXT15	1
chrIV	12416	12452	TGTTTTGACGGAGAAAAGTTCTTTCCATGAGGCTTCC	42.010	100.000	0.000	0	0	+	HXT15	1
chrIV	12453	12482	CCTAGTTCTCTTTGGGCAAGGACACCGGCG	43.930	99.703	0.000	0	0	+	HXT15	1
chrIV	12483	12519	TTGATTTCATCAGCCTGTTTGAGTACCCATGGATCCT	42.240	100.000	0.000	0	0	+	HXT15	1
chrIV	12520	12553	CTGGTGAAACCTTGTTGATCTTGGCGATGGAGAC	42.270	98.350	0.000	0	0	+	HXT15	1
chrIV	12589	12624	ATCTTGGGGACTCTGGAACTAATAACATGCCAACGA	42.070	99.878	0.000	0	0	+	HXT15	1
chrIV	12625	12661	TGATAATTAGAGCCCACAGAAAGCATAGTCCCACAGG	42.050	99.610	0.000	0	0	+	HXT15	1
chrIV	12747	12783	TGGTACAATGAGACAAGTCCACCTCTCAAATCTGTGG	42.170	93.628	0.000	0	0	+	HXT15	1
chrIV	12790	12826	TTTCAGATAAAAGCATTGGACACAACACCGAACAGCC	42.460	100.000	0.000	0	0	+	HXT15	1
chrIV	12827	12859	ACCAGCACCAAGACCGTAGATGATCTTACCGAC	42.330	97.797	0.000	0	0	+	HXT15	1
chrIV	12937	12973	TTGCTAGCCTTCTACCTAAAGTATCAGCAAGTCTCGC	42.010	100.000	0.000	0	0	+	HXT15	1
chrIV	12974	13006	AAAAGCAACACCGCCAATGGAACATCCTACACT	42.280	100.000	0.000	0	0	+	HXT15	1
chrIV	13007	13036	GAACATGGCCACGAGAAGACCCATACGCAC	42.640	99.481	0.000	0	0	+	HXT15	1
chrIV	13103	13139	ATTGATGAAGCCTGCAGTAATACCACTATCCCAACCA	42.100	100.000	0.000	0	0	+	HXT15	1
chrIV	13198	13227	AAAAGCCTCTCTTCGGTGCGTCTGGCGTAT	43.350	100.000	0.000	0	0	+	HXT15	1
chrIV	13245	13281	TTGTCATAAAACCCGTCTGACCATTCTTTCTCTCCGG	42.460	100.000	0.000	0	0	+	HXT15	1
chrIV	13282	13313	GTGGCTGTACATGAACGTCAGCTGCACTACTG	42.300	100.000	0.000	0	0	+	HXT15	1
chrIV	13322	13357	ATCTGCATTAATTTCTGGTGAGGACTGTTCGCTTGC	42.160	100.000	0.000	0	0	+	HXT15	1
